step,episode,reward_r1,reward_r2,falls_r1,falls_r2,hits_r1,hits_r2,winner
500,0,637.9057744961683,638.4083355109129,0,0,0.0,0.0,0
1000,1,638.1157849441029,638.7350631671136,0,0,0.0,0.0,0
1500,2,639.5009837046184,639.3007679472798,0,0,0.0,0.0,0
2000,3,638.5475797777568,638.554130815085,0,0,0.0,0.0,0
2500,4,638.4921789678325,638.4577372583703,0,0,0.0,0.0,0
3000,5,638.2139161136246,638.0989128373308,0,0,0.0,0.0,0
3500,6,637.9066240884426,638.3278871352218,0,0,0.0,0.0,0
4000,7,638.1518472451338,638.0041063951453,0,0,0.0,0.0,0
4500,8,638.0293538327211,638.0007791743436,0,0,0.0,0.0,0
5000,9,637.621835649287,638.170837857516,0,0,0.0,0.0,0
5500,10,637.7890882698019,637.8914799576652,0,0,0.0,0.0,0
6000,11,637.654589015226,637.7635464600575,0,0,0.0,0.0,0
6500,12,637.634305982928,637.7954555390048,0,0,0.0,0.0,0
7000,13,636.8833603553657,637.3583178745829,0,0,0.0,0.0,0
7500,14,637.2228005979588,637.5494558195638,0,0,0.0,0.0,0
8000,15,637.6861384855611,637.8557398639996,0,0,0.0,0.0,0
8500,16,637.5255779551555,637.5887394782253,0,0,0.0,0.0,0
9000,17,636.4943218639665,637.8436708564345,0,0,0.0,0.0,0
9500,18,636.44099457204,637.3989199115081,0,0,0.0,0.0,0
10000,19,635.8302734348849,634.7854770183867,0,0,0.0,0.0,0
10500,20,636.7048707469019,633.612775444364,0,0,0.0,0.0,0
11000,21,636.8879730142388,634.4623666069225,0,0,0.0,0.0,0
11500,22,636.0856980363126,636.788509811901,0,0,0.0,0.0,0
12000,23,636.6149403443344,635.36815723366,0,0,0.0,0.0,0
12500,24,636.9804651205859,636.0353657652417,0,0,0.0,0.0,0
13000,25,636.2252655468978,637.3603919219487,0,0,0.0,0.0,0
13500,26,636.295479896454,637.0975822842429,0,0,0.0,0.0,0
14000,27,632.5267784328803,637.8290835079271,0,0,0.0,0.0,0
14500,28,633.2554074119835,635.8829362915915,0,0,0.0,0.0,0
14527,29,14.080887694551237,13.258472213104145,1,1,0.0,0.0,0
15027,30,637.1780980193789,635.6916770987697,0,0,0.0,0.0,0
15527,31,637.6853691714848,635.1568192466394,0,0,0.0,0.0,0
16027,32,635.7921170010152,639.1980324337513,0,0,0.0,0.0,0
16527,33,634.3326695888302,642.0925681042612,0,0,0.0,0.0,0
17027,34,635.0696110658156,640.8126029106817,0,0,0.0,0.0,0
17527,35,637.7396184316038,633.9022865738715,0,0,0.0,0.0,0
18027,36,638.8594471045674,633.4707495686295,0,0,0.0,0.0,0
18527,37,642.3585534918668,637.3131476894165,0,0,0.0,0.0,0
19027,38,642.0065240074924,636.9388095827926,0,0,0.0,0.0,0
19527,39,638.1836955582615,637.0891685160402,0,0,0.0,0.0,0
20027,40,632.4695988522801,637.3427867682277,0,0,0.0,0.0,0
20527,41,633.77566273698,638.1854004195285,0,0,0.0,0.0,0
21027,42,632.9878879649757,636.8974755626527,0,0,0.0,0.0,0
21527,43,633.4726007899283,637.0277226251839,0,0,0.0,0.0,0
22027,44,633.8832183749073,635.7846739515087,0,0,0.0,0.0,0
22527,45,634.6648320329431,633.993069213747,0,0,0.0,0.0,0
23027,46,635.7184198617633,635.6868448107584,0,0,0.0,0.0,0
23527,47,642.3862605511695,638.7569767308759,0,0,0.0,0.0,0
24027,48,644.4988058222825,637.7353982315926,0,0,0.0,0.0,0
24527,49,642.2289763619304,641.6923286188636,0,0,0.0,0.0,0
25027,50,641.2230721057203,642.0644015141461,0,0,0.0,0.0,0
25527,51,637.3932599716817,639.7292646179703,0,0,0.0,0.0,0
26027,52,634.4584294957326,636.9600431037846,0,0,0.0,0.0,0
26527,53,632.949511879998,637.1650233435776,0,0,0.0,0.0,0
27027,54,634.277787672526,635.6669969943646,0,0,0.0,0.0,0
27527,55,634.2932146486404,634.3397456300482,0,0,0.0,0.0,0
28027,56,633.0387347134929,634.0970083269642,0,0,0.0,0.0,0
28527,57,633.816097432802,632.9830093272967,0,0,0.0,0.0,0
29027,58,638.3384033645499,633.2451411943799,0,0,0.0,0.0,0
29527,59,638.2340997060672,633.9356348025692,0,0,0.0,0.0,0
30027,60,637.706909442908,633.2808473048673,0,0,0.0,0.0,0
30527,61,636.7045980082976,635.2149964806007,0,0,0.0,0.0,0
31027,62,636.4590778429143,637.4472169428283,0,0,0.0,0.0,0
31527,63,639.4116894453084,635.1669362156368,0,0,0.0,0.0,0
32027,64,640.0177443179412,635.6238726859835,0,0,0.0,0.0,0
32527,65,640.8499488859692,636.6859795989959,0,0,0.0,0.0,0
33027,66,640.7902893140385,638.7129599707479,0,0,0.0,0.0,0
33527,67,639.9376681008275,638.9032049089574,0,0,0.0,0.0,0
34027,68,640.0209601931589,637.5389821586818,0,0,0.0,0.0,0
34527,69,638.9161887798679,639.5418682525968,0,0,0.0,0.0,0
35027,70,636.7475697944509,642.6537638878772,0,0,0.0,0.0,0
35527,71,635.9296626664536,639.9568923166614,0,0,0.0,0.0,0
36027,72,637.1998574041368,640.461563789874,0,0,0.0,0.0,0
36527,73,636.9847543136317,639.0225128679723,0,0,0.0,0.0,0
37027,74,637.5590262206237,637.9288920066488,0,0,0.0,0.0,0
37527,75,638.269936917481,637.6705425319752,0,0,0.0,0.0,0
38027,76,639.0642307731658,637.87951837123,0,0,0.0,0.0,0
38527,77,637.484164033694,638.9452115321321,0,0,0.0,0.0,0
39027,78,636.1344182904887,637.9797802698603,0,0,0.0,0.0,0
39527,79,636.1658484633095,638.7847602304761,0,0,0.0,0.0,0
40027,80,634.6906175730032,637.1101612775133,0,0,0.0,0.0,0
40527,81,636.4661372347819,637.7212317167999,0,0,0.0,0.0,0
41027,82,636.5522630731966,636.9770626589956,0,0,0.0,0.0,0
41527,83,639.5415202351277,637.3085971996,0,0,0.0,0.0,0
42027,84,639.0426600133924,638.255893597109,0,0,0.0,0.0,0
42527,85,639.3734127855762,638.1621515684037,0,0,0.0,0.0,0
43027,86,637.9253147894996,636.9387603124924,0,0,0.0,0.0,0
43527,87,638.8873167237107,637.046075463232,0,0,0.0,0.0,0
44027,88,638.0751943886823,635.2845567776903,0,0,0.0,0.0,0
44527,89,638.1913111180065,634.2445293069868,0,0,0.0,0.0,0
45027,90,637.5340162413129,635.6456789510632,0,0,0.0,0.0,0
45527,91,636.8187857276926,638.0343975828423,0,0,0.0,0.0,0
46027,92,637.2211743105196,636.9725000652702,0,0,0.0,0.0,0
46527,93,636.7105460384691,637.8789702695378,0,0,0.0,0.0,0
47027,94,637.0197645202835,637.2734853972522,0,0,0.0,0.0,0
47527,95,638.6478220763075,638.342942405533,0,0,0.0,0.0,0
48027,96,638.7210836621799,639.0271015916544,0,0,0.0,0.0,0
48527,97,638.775522989278,637.5186661984183,0,0,0.0,0.0,0
49027,98,638.9823158144312,637.2357806135369,0,0,0.0,0.0,0
49527,99,638.9096434244883,636.4343882963886,0,0,0.0,0.0,0
50027,100,639.103347812706,637.8386274071603,0,0,0.0,0.0,0
50527,101,638.2172141393355,637.27287596634,0,0,0.0,0.0,0
51027,102,637.903479928422,634.1941984460956,0,0,0.0,0.0,0
51527,103,635.4501332795192,636.4121760302612,0,0,0.0,0.0,0
52027,104,634.3464131293218,636.8472750714905,0,0,0.0,0.0,0
52527,105,633.7240451554919,635.433775915624,0,0,0.0,0.0,0
53027,106,635.7617401815429,634.8994181234438,0,0,0.0,0.0,0
53527,107,638.0785713654554,635.1538695491445,0,0,0.0,0.0,0
54027,108,639.1656117372636,635.5946548647509,0,0,0.0,0.0,0
54527,109,637.6597505243468,634.5770688847985,0,0,0.0,0.0,0
55027,110,639.6319257707589,634.1904075974696,0,0,0.0,0.0,0
55527,111,638.6022070764184,634.3804638923721,0,0,0.0,0.0,0
56027,112,641.2597753185771,633.9817740841244,0,0,0.0,0.0,0
56527,113,639.8663026648626,632.0882026527771,0,0,0.0,0.0,0
57027,114,640.8681654487576,634.1301593065721,0,0,0.0,0.0,0
57527,115,638.0716049358076,634.8952998588379,0,0,0.0,0.0,0
58027,116,638.1186477562002,635.8188619591986,0,0,0.0,0.0,0
58527,117,635.6262972686036,636.8700857860159,0,0,0.0,0.0,0
59027,118,637.2431468191261,636.0099149202268,0,0,0.0,0.0,0
59527,119,635.8116099710205,636.8888953328394,0,0,0.0,0.0,0
60027,120,634.4119620693589,637.3044087842668,0,0,0.0,0.0,0
60527,121,636.9750559319018,636.6714995211046,0,0,0.0,0.0,0
61027,122,636.7513141172607,635.8800463940964,0,0,0.0,0.0,0
61527,123,638.4379336058644,637.6423887177212,0,0,0.0,0.0,0
62027,124,638.7285857543939,637.7240725748792,0,0,0.0,0.0,0
62527,125,637.7470511724282,638.9843054620392,0,0,0.0,0.0,0
63027,126,636.8450140262391,639.4249029311142,0,0,0.0,0.0,0
63527,127,635.6769815350267,641.1463734124096,0,0,0.0,0.0,0
64027,128,633.1466535065994,637.8936939004185,0,0,0.0,0.0,0
64527,129,634.636942322721,637.5625207246227,0,0,0.0,0.0,0
65027,130,636.8579654684754,636.3036993973678,0,0,0.0,0.0,0
65527,131,636.9812410969945,633.2675678088259,0,0,0.0,0.0,0
66027,132,640.3723244224583,634.1989112783415,0,0,0.0,0.0,0
66527,133,638.9072454376653,637.9816365800341,0,0,0.0,0.0,0
67027,134,638.9435883634709,638.7055374443556,0,0,0.0,0.0,0
67527,135,638.0126873969409,639.2901223171649,0,0,0.0,0.0,0
68027,136,636.1609621168072,639.3032462191787,0,0,0.0,0.0,0
68527,137,637.2643359016911,637.98347482582,0,0,0.0,0.0,0
69027,138,638.8225291373153,637.5634488334142,0,0,0.0,0.0,0
69527,139,637.4753695948559,637.3475747573383,0,0,0.0,0.0,0
70027,140,637.1277529895347,637.2570577458755,0,0,0.0,0.0,0
70527,141,637.5552491052231,637.9265940796827,0,0,0.0,0.0,0
71027,142,637.3545526931883,637.7917330749493,0,0,0.0,0.0,0
71527,143,637.4186230451924,637.4330014781948,0,0,0.0,0.0,0
72027,144,635.5621571000968,636.7358690213326,0,0,0.0,0.0,0
72527,145,634.7461119082632,633.5934270246213,0,0,0.0,0.0,0
73027,146,635.991306123738,629.8232014583035,0,0,0.0,0.0,0
73527,147,633.1598518599407,635.0990251797476,0,0,0.0,0.0,0
74027,148,635.5864524981657,637.0527044122879,0,0,0.0,0.0,0
74527,149,637.1111073415958,636.3065126636043,0,0,0.0,0.0,0
75027,150,633.073847160034,636.1295048516398,0,0,0.0,0.0,0
75527,151,638.1436183169534,635.0088708479188,0,0,0.0,0.0,0
76027,152,635.722953876081,634.1219328729512,0,0,0.0,0.0,0
76527,153,637.5517928144848,633.6454861726152,0,0,0.0,0.0,0
77027,154,635.3497136423114,635.4720510753195,0,0,0.0,0.0,0
77527,155,639.2423913241752,638.1173521160077,0,0,0.0,0.0,0
78027,156,637.2824288626555,638.8612929326864,0,0,0.0,0.0,0
78527,157,636.9064376366634,637.9056197735878,0,0,0.0,0.0,0
79027,158,635.9437018855053,637.5132136889724,0,0,0.0,0.0,0
79527,159,635.0266679604629,637.5578506846797,0,0,0.0,0.0,0
80027,160,635.4205472265221,637.763035606625,0,0,0.0,0.0,0
80527,161,632.0661881785808,637.7367735557293,0,0,0.0,0.0,0
81027,162,635.0852919414152,636.4620185246307,0,0,0.0,0.0,0
81527,163,631.4055918802025,637.6672977239127,0,0,0.0,0.0,0
82027,164,627.9311659960641,636.6999034710485,0,0,0.0,0.0,0
82527,165,625.9874348461964,635.6504843685768,0,0,0.0,0.0,0
83027,166,633.8662316185455,638.1077182099233,0,0,0.0,0.0,0
83527,167,638.0492216989576,637.044258248182,0,0,0.0,0.0,0
84027,168,636.2381080749217,639.274633322011,0,0,0.0,0.0,0
84527,169,637.1458484165667,636.0711700297554,0,0,0.0,0.0,0
85027,170,637.2237292089892,638.1554559605512,0,0,0.0,0.0,0
85527,171,636.6760298765337,637.6627344198006,0,0,0.0,0.0,0
86027,172,637.47624493307,638.3696760830886,0,0,0.0,0.0,0
86527,173,637.3668505920841,638.0773575972619,0,0,0.0,0.0,0
87027,174,637.9065112329989,640.9712846302001,0,0,0.0,0.0,0
87527,175,636.895989627793,642.2832767976241,0,0,0.0,0.0,0
88027,176,636.379532283067,641.6325741830393,0,0,0.0,0.0,0
88527,177,636.363159621136,643.9461588731122,0,0,0.0,0.0,0
89027,178,636.6380007475404,643.4863257393381,0,0,0.0,0.0,0
89527,179,632.9257214773647,643.3015538748552,0,0,0.0,0.0,0
90027,180,634.3698664301911,642.4544547563949,0,0,0.0,0.0,0
90527,181,635.0645185771725,643.1467795024581,0,0,0.0,0.0,0
91027,182,634.9043854333106,644.0065673324781,0,0,0.0,0.0,0
91527,183,634.9807603791451,645.4077553046549,0,0,0.0,0.0,0
92027,184,636.4173504915226,644.8622739728733,0,0,0.0,0.0,0
92527,185,635.1819656942905,646.0183170081797,0,0,0.0,0.0,0
93027,186,634.347011099888,644.063934224886,0,0,0.0,0.0,0
93527,187,635.4820184235223,645.4017905909714,0,0,0.0,0.0,0
94027,188,633.48369369615,644.1494698661929,0,0,0.0,0.0,0
94527,189,632.9369471344986,643.3282138240911,0,0,0.0,0.0,0
95027,190,632.3984501533397,635.8933319936189,0,0,0.0,0.0,0
95527,191,632.5992791379418,642.6432740236903,0,0,0.0,0.0,0
96027,192,629.7263452839791,634.1123218557424,0,0,0.0,0.0,0
96527,193,631.1622861419067,633.443365137152,0,0,0.0,0.0,0
97027,194,628.7473813941214,633.1783820225543,0,0,0.0,0.0,0
97527,195,630.4575165984386,632.4063155782915,0,0,0.0,0.0,0
98027,196,632.6922391398301,637.1372041882546,0,0,0.0,0.0,0
98527,197,631.3822149756767,636.012265043026,0,0,0.0,0.0,0
99027,198,635.1636669362448,639.3658476835245,0,0,0.0,0.0,0
99527,199,632.5955243973048,641.1685808406655,0,0,0.0,0.0,0
100027,200,628.2409601348133,642.2188349920052,0,0,0.0,0.0,0
100527,201,629.0880359350772,640.8680059070396,0,0,0.0,0.0,0
101027,202,627.3322787330712,643.1154124066147,0,0,0.0,0.0,0
101527,203,631.526879159856,642.0802022212222,0,0,0.0,0.0,0
102027,204,633.8259153191872,640.6264981829356,0,0,0.0,0.0,0
102527,205,631.5179715802594,643.6250397966335,0,0,0.0,0.0,0
103027,206,635.1993654422816,640.9550504018537,0,0,0.0,0.0,0
103527,207,640.835056986496,641.498001120366,0,0,0.0,0.0,0
104027,208,639.3912244287834,641.294923631889,0,0,0.0,0.0,0
104527,209,637.5072680619832,640.4194374644918,0,0,0.0,0.0,0
105027,210,634.9282281913719,640.3193464406618,0,0,0.0,0.0,0
105527,211,633.4531403888343,640.9514375227396,0,0,0.0,0.0,0
106027,212,632.5715960877371,637.6243258919648,0,0,0.0,0.0,0
106527,213,640.7921186625679,637.52144226095,0,0,0.0,0.0,0
107027,214,637.5456941018609,639.6125486326864,0,0,0.0,0.0,0
107527,215,639.382576578061,638.56104373064,0,0,0.0,0.0,0
108027,216,638.5486599942548,641.7524780257357,0,0,0.0,0.0,0
108527,217,638.8219919190461,636.8269299070982,0,0,0.0,0.0,0
109027,218,639.5910692893808,639.8415191302022,0,0,0.0,0.0,0
109527,219,638.1693423537878,639.0531623401492,0,0,0.0,0.0,0
110027,220,635.9395011940436,642.6923362854016,0,0,0.0,0.0,0
110527,221,637.3491557098446,633.8823428978749,0,0,0.0,0.0,0
111027,222,635.8584149460739,635.640446906147,0,0,0.0,0.0,0
111527,223,637.9037749901796,635.9910334977012,0,0,0.0,0.0,0
112027,224,640.1920212908719,642.4133290372062,0,0,0.0,0.0,0
112527,225,640.0881461538289,640.4822902160824,0,0,0.0,0.0,0
113027,226,642.1225995692834,643.7353780479649,0,0,0.0,0.0,0
113527,227,638.8342792062612,642.6260764121766,0,0,0.0,0.0,0
114027,228,637.4593566625103,642.0856787132262,0,0,0.0,0.0,0
114527,229,637.9052987489445,640.3211674652994,0,0,0.0,0.0,0
115027,230,635.7812424695851,643.3860384464278,0,0,0.0,0.0,0
115527,231,634.4636717040102,642.7436416061228,0,0,0.0,0.0,0
116027,232,634.3791221924296,641.8209543311793,0,0,0.0,0.0,0
116527,233,639.9848155512201,640.185281244575,0,0,0.0,0.0,0
117027,234,634.4489297421624,641.3220877882208,0,0,0.0,0.0,0
117527,235,642.546761909382,638.9054748033719,0,0,0.0,0.0,0
118027,236,639.4284053055584,636.7772503474449,0,0,0.0,0.0,0
118527,237,639.7067619186234,633.8640376691517,0,0,0.0,0.0,0
119027,238,639.0433928188204,636.1692501455743,0,0,0.0,0.0,0
119527,239,639.9689219505747,642.702101180556,0,0,0.0,0.0,0
120027,240,639.5003325982157,643.6874833199254,0,0,0.0,0.0,0
120527,241,638.7807775251835,642.9715940216408,0,0,0.0,0.0,0
121027,242,632.9329079579701,641.615722969435,0,0,0.0,0.0,0
121527,243,635.7570526573519,640.2580232213837,0,0,0.0,0.0,0
122027,244,633.3560436257133,638.3350299001781,0,0,0.0,0.0,0
122527,245,640.7250127874404,639.6948617597054,0,0,0.0,0.0,0
123027,246,638.7039978947901,639.7323789220999,0,0,0.0,0.0,0
123527,247,639.2008873366983,639.9870140132031,0,0,0.0,0.0,0
124027,248,638.5514866655399,635.9947166854374,0,0,0.0,0.0,0
124527,249,641.1908355558656,639.2771221612868,0,0,0.0,0.0,0
125027,250,639.3631494170747,638.6369004130514,0,0,0.0,0.0,0
125527,251,639.1439891702428,642.340737017711,0,0,0.0,0.0,0
126027,252,638.2946618779947,644.2677784851511,0,0,0.0,0.0,0
126527,253,636.0944853953429,644.5260022604127,0,0,0.0,0.0,0
127027,254,639.3148102718471,645.1488962405012,0,0,0.0,0.0,0
127527,255,638.7523654381077,643.8134387632598,0,0,0.0,0.0,0
128027,256,639.1442205077208,644.3925698250588,0,0,0.0,0.0,0
128527,257,639.5661169799182,642.7985280957151,0,0,0.0,0.0,0
129027,258,639.6914875516582,641.2700103659124,0,0,0.0,0.0,0
129527,259,639.6320760040452,643.3792057255847,0,0,0.0,0.0,0
130027,260,639.9417749686356,643.9892716449797,0,0,0.0,0.0,0
130527,261,639.6463548156303,642.1015179145153,0,0,0.0,0.0,0
131027,262,640.2499770137728,643.4190783142968,0,0,0.0,0.0,0
131527,263,638.0623365688028,642.0694705550086,0,0,0.0,0.0,0
132027,264,639.6503791765515,643.255529056674,0,0,0.0,0.0,0
132527,265,641.9878309164371,637.3327517561888,0,0,0.0,0.0,0
133027,266,641.6486048903774,630.2523070100139,0,0,0.0,0.0,0
133527,267,637.988277659086,628.8618838021898,0,0,0.0,0.0,0
134027,268,639.2604122363635,631.7120074095933,0,0,0.0,0.0,0
134527,269,638.0194398995484,639.7126739715037,0,0,0.0,0.0,0
135027,270,638.2672376585741,630.951541362115,0,0,0.0,0.0,0
135527,271,636.7463632888654,641.1418968854291,0,0,0.0,0.0,0
136027,272,637.4996769230809,640.7486794479772,0,0,0.0,0.0,0
136527,273,638.132592523427,639.1747328292981,0,0,0.0,0.0,0
137027,274,636.8864596502855,643.7824894787938,0,0,0.0,0.0,0
137527,275,636.3541225729846,642.2296305405529,0,0,0.0,0.0,0
138027,276,637.8260165302498,645.996256524177,0,0,0.0,0.0,0
138527,277,638.9530487804933,646.0198731145063,0,0,0.0,0.0,0
139027,278,639.8197662962823,645.4608535706999,0,0,0.0,0.0,0
139527,279,638.4365278568505,645.8725580968172,0,0,0.0,0.0,0
140027,280,637.215684582322,644.9730847700862,0,0,0.0,0.0,0
140527,281,639.4171940144497,643.312010951977,0,0,0.0,0.0,0
141027,282,637.845745765407,645.6530701456733,0,0,0.0,0.0,0
141527,283,637.7105171514719,643.1009010282147,0,0,0.0,0.0,0
142027,284,636.0038953740692,645.95514302345,0,0,0.0,0.0,0
142527,285,638.369629792899,644.8862812547706,0,0,0.0,0.0,0
143027,286,639.7272318575593,643.2440861927815,0,0,0.0,0.0,0
143527,287,638.7896981847689,645.5453617059607,0,0,0.0,0.0,0
144027,288,640.2693108393031,643.365238066976,0,0,0.0,0.0,0
144527,289,641.0491520167147,644.606738822807,0,0,0.0,0.0,0
145027,290,640.5096980725154,644.1348485685286,0,0,0.0,0.0,0
145527,291,640.3805067221233,643.6511464593676,0,0,0.0,0.0,0
146027,292,641.4231860871886,643.9898725640048,0,0,0.0,0.0,0
146527,293,640.3433177853792,641.5854292816879,0,0,0.0,0.0,0
147027,294,640.1200791402043,642.1891154244718,0,0,0.0,0.0,0
147527,295,638.9647047538855,641.9720401147769,0,0,0.0,0.0,0
148027,296,639.5382498579132,641.6442022160998,0,0,0.0,0.0,0
148527,297,637.2402626155288,641.3019295044672,0,0,0.0,0.0,0
149027,298,638.5889256995721,641.8675688538344,0,0,0.0,0.0,0
149527,299,638.1765361899409,641.6916076051415,0,0,0.0,0.0,0
150027,300,636.8150529941108,640.3000198963604,0,0,0.0,0.0,0
150527,301,638.489861964844,643.0347045565981,0,0,0.0,0.0,0
151027,302,640.1948424540873,644.3622049027771,0,0,0.0,0.0,0
151527,303,639.0520696020078,644.6612453237022,0,0,0.0,0.0,0
152027,304,638.7442652968768,644.5741943043168,0,0,0.0,0.0,0
152527,305,637.6492170601311,644.1179832414912,0,0,0.0,0.0,0
153027,306,637.9896873432388,640.7959771383922,0,0,0.0,0.0,0
153527,307,638.8680078989662,642.3556757599134,0,0,0.0,0.0,0
154027,308,637.4432553507289,645.1737164004234,0,0,0.0,0.0,0
154527,309,638.4124955898671,645.840448889258,0,0,0.0,0.0,0
155027,310,636.2338204707995,643.9054479121453,0,0,0.0,0.0,0
155527,311,638.3918105066667,646.2359002460414,0,0,0.0,0.0,0
156027,312,637.9720170006227,644.1170820356303,0,0,0.0,0.0,0
156527,313,632.1257180269755,643.318527647527,0,0,0.0,0.0,0
157027,314,636.6116154983047,643.4895521756207,0,0,0.0,0.0,0
157527,315,635.6564038028417,641.4319024891475,0,0,0.0,0.0,0
158027,316,637.7785697546758,642.043889667426,0,0,0.0,0.0,0
158527,317,634.8584159461728,639.7993446085285,0,0,0.0,0.0,0
159027,318,636.0213075253013,641.5507108638462,0,0,0.0,0.0,0
159527,319,634.016400147226,637.0672784216376,0,0,0.0,0.0,0
160027,320,636.8719816978045,634.93609251959,0,0,0.0,0.0,0
160527,321,638.1326757422775,642.6247236102332,0,0,0.0,0.0,0
161027,322,638.6546349885745,639.9321512997858,0,0,0.0,0.0,0
161527,323,633.0935434538675,633.2916749434621,0,0,0.0,0.0,0
162027,324,638.7506980708943,636.9792131053231,0,0,0.0,0.0,0
162527,325,637.8314046581111,643.5726231903008,0,0,0.0,0.0,0
163027,326,638.4930465666382,631.7047125211504,0,0,0.0,0.0,0
163527,327,637.7828332369102,635.6586101961462,0,0,0.0,0.0,0
164027,328,637.0582251107851,636.0841829096245,0,0,0.0,0.0,0
164527,329,637.5110297390743,633.2851176425912,0,0,0.0,0.0,0
165027,330,635.6362164260942,637.4702773603806,0,0,0.0,0.0,0
165527,331,639.2832579901166,634.8515978655054,0,0,0.0,0.0,0
166027,332,638.2481371151166,636.3706851209128,0,0,0.0,0.0,0
166527,333,638.5810052105315,637.4311202918933,0,0,0.0,0.0,0
167027,334,636.1152277363078,637.1853687989461,0,0,0.0,0.0,0
167527,335,636.4737644768855,636.9344835705575,0,0,0.0,0.0,0
168027,336,636.7822980798743,636.6039038601946,0,0,0.0,0.0,0
168527,337,636.1349561298424,635.258354934015,0,0,0.0,0.0,0
169027,338,638.1505606279719,640.6050862777427,0,0,0.0,0.0,0
169527,339,637.0993157329024,638.8585848895495,0,0,0.0,0.0,0
170027,340,633.4450714815221,641.2136436544274,0,0,0.0,0.0,0
170527,341,639.3577708904969,637.5328138855,0,0,0.0,0.0,0
171027,342,639.9355657754376,637.3591160538757,0,0,0.0,0.0,0
171527,343,635.0060566367547,637.6508450659857,0,0,0.0,0.0,0
172027,344,633.5258883861238,640.2784184915793,0,0,0.0,0.0,0
172527,345,634.6691143915091,641.9672481443757,0,0,0.0,0.0,0
173027,346,634.0319800731372,642.0649371464468,0,0,0.0,0.0,0
173527,347,633.1376610253635,642.3265839413542,0,0,0.0,0.0,0
174027,348,640.7836024090822,641.7941667106438,0,0,0.0,0.0,0
174527,349,638.7305910264323,643.0290847576192,0,0,0.0,0.0,0
175027,350,635.3853458547535,638.94908655397,0,0,0.0,0.0,0
175527,351,638.1554689681867,635.8824953763086,0,0,0.0,0.0,0
176027,352,640.0627932699313,639.3122403088917,0,0,0.0,0.0,0
176527,353,641.4800582356181,634.3829762139324,0,0,0.0,0.0,0
177027,354,639.730998856193,638.9237174036869,0,0,0.0,0.0,0
177527,355,636.5192039797785,640.2771514737333,0,0,0.0,0.0,0
178027,356,639.2301795227245,640.4312117267767,0,0,0.0,0.0,0
178527,357,637.7853255221428,639.9289933201466,0,0,0.0,0.0,0
179027,358,637.6075510348974,637.9607419344095,0,0,0.0,0.0,0
179527,359,633.2083265803712,643.1796608003162,0,0,0.0,0.0,0
180027,360,639.11922550471,640.848978361481,0,0,0.0,0.0,0
180527,361,638.2694118742827,638.1783552584133,0,0,0.0,0.0,0
181027,362,642.5059511178177,637.7125928397015,0,0,0.0,0.0,0
181527,363,637.9896705806352,637.0260672073432,0,0,0.0,0.0,0
182027,364,636.8249395487323,638.9986547812293,0,0,0.0,0.0,0
182527,365,639.8764519747077,641.0637962086431,0,0,0.0,0.0,0
183027,366,637.7628678474159,639.6000667300856,0,0,0.0,0.0,0
183527,367,635.3467399695321,640.1166620780139,0,0,0.0,0.0,0
184027,368,636.0275261015208,640.7581956712819,0,0,0.0,0.0,0
184527,369,639.7913268409428,636.9957678356639,0,0,0.0,0.0,0
185027,370,635.4608960955156,636.8954338317044,0,0,0.0,0.0,0
185527,371,631.3398792499487,643.7677868574918,0,0,0.0,0.0,0
186027,372,634.2989739395048,643.2056781211362,0,0,0.0,0.0,0
186527,373,637.8991415192157,640.8020988009661,0,0,0.0,0.0,0
187027,374,637.0883358827524,640.2940557557057,0,0,0.0,0.0,0
187527,375,633.6633299389953,643.2891534958128,0,0,0.0,0.0,0
188027,376,636.9490020840019,641.8681640941614,0,0,0.0,0.0,0
188527,377,637.8319158273498,644.4089659853662,0,0,0.0,0.0,0
189027,378,637.935887053295,644.6098098852119,0,0,0.0,0.0,0
189527,379,640.5295499094389,644.0109385888887,0,0,0.0,0.0,0
190027,380,641.8411655057449,644.5677977079272,0,0,0.0,0.0,0
190527,381,637.4046842987786,644.6871499329292,0,0,0.0,0.0,0
191027,382,636.3561863906124,643.71137412502,0,0,0.0,0.0,0
191527,383,638.0907052482794,644.9710404365501,0,0,0.0,0.0,0
192027,384,638.5137156324464,645.4248808174066,0,0,0.0,0.0,0
192527,385,639.0300631740218,644.5758289145845,0,0,0.0,0.0,0
193027,386,638.7670041745815,644.2903830228088,0,0,0.0,0.0,0
193527,387,640.0768720608833,640.8268622409319,0,0,0.0,0.0,0
194027,388,637.4711278424718,638.4408154100337,0,0,0.0,0.0,0
194527,389,638.2654635773112,641.5820201354954,0,0,0.0,0.0,0
195027,390,638.2361969783428,643.9821813457048,0,0,0.0,0.0,0
195527,391,634.8918638567449,642.9952896266242,0,0,0.0,0.0,0
196027,392,640.9956329813767,640.3046550852703,0,0,0.0,0.0,0
196527,393,638.964702611142,642.5652636904173,0,0,0.0,0.0,0
197027,394,638.1211403675416,643.3265810965064,0,0,0.0,0.0,0
197527,395,637.2764682136169,639.8132462490785,0,0,0.0,0.0,0
198027,396,640.6287473863866,639.8149937076208,0,0,0.0,0.0,0
198527,397,642.1539525850568,640.938652898912,0,0,0.0,0.0,0
199027,398,636.8844660648449,640.3829421705509,0,0,0.0,0.0,0
199527,399,638.7506787812365,641.4936175704737,0,0,0.0,0.0,0
200027,400,640.8332341762492,642.1061479309019,0,0,0.0,0.0,0
200527,401,640.1525644953409,639.213621324729,0,0,0.0,0.0,0
201027,402,638.5462558655208,640.3440216910057,0,0,0.0,0.0,0
201527,403,636.9695480617896,642.0238716047551,0,0,0.0,0.0,0
202027,404,639.9518731979992,642.4633901880859,0,0,0.0,0.0,0
202527,405,638.3027090792983,643.1452560381091,0,0,0.0,0.0,0
203027,406,637.5548547062987,643.5880396215823,0,0,0.0,0.0,0
203527,407,636.4897899159646,643.8415289447364,0,0,0.0,0.0,0
204027,408,640.2798104491188,643.9829027744299,0,0,0.0,0.0,0
204527,409,637.0650639026017,638.5795206797959,0,0,0.0,0.0,0
205027,410,638.3888476146542,639.1424530142108,0,0,0.0,0.0,0
205527,411,636.6441144434481,642.4949242540122,0,0,0.0,0.0,0
206027,412,637.3778214716685,639.7017495454852,0,0,0.0,0.0,0
206527,413,639.2470740051639,644.5018432651764,0,0,0.0,0.0,0
207027,414,637.6110373984008,643.5656958888213,0,0,0.0,0.0,0
207527,415,634.8942576317448,644.1557697518447,0,0,0.0,0.0,0
208027,416,637.2431241495559,640.7659089775754,0,0,0.0,0.0,0
208527,417,632.1674245430078,643.1197136779103,0,0,0.0,0.0,0
209027,418,632.2913724946487,641.911278160499,0,0,0.0,0.0,0
209527,419,637.4044420650835,642.9334507178014,0,0,0.0,0.0,0
210027,420,634.3948329073498,642.1579119037892,0,0,0.0,0.0,0
210527,421,638.8807092742854,642.0184306803551,0,0,0.0,0.0,0
211027,422,634.7708548595689,642.7174591297639,0,0,0.0,0.0,0
211527,423,636.4704752861775,639.9794531122716,0,0,0.0,0.0,0
212027,424,637.1049374749283,640.4435526660114,0,0,0.0,0.0,0
212527,425,637.4854655450922,638.7094410499335,0,0,0.0,0.0,0
213027,426,634.769768344345,634.3368911484937,0,0,0.0,0.0,0
213527,427,638.5123264686343,638.701583818199,0,0,0.0,0.0,0
214027,428,643.1594325822517,638.7578399345877,0,0,0.0,0.0,0
214527,429,640.0172183999232,634.066536722482,0,0,0.0,0.0,0
215027,430,638.9970223815843,633.5571612651862,0,0,0.0,0.0,0
215527,431,637.434337904577,634.1069920852009,0,0,0.0,0.0,0
216027,432,641.0985154542702,633.6168642447803,0,0,0.0,0.0,0
216527,433,638.1027750563519,631.0713310499508,0,0,0.0,0.0,0
217027,434,638.6709791373667,628.1123702163994,0,0,0.0,0.0,0
217527,435,638.4475502859347,628.3038013333028,0,0,0.0,0.0,0
218027,436,642.7147909197568,627.2672574374944,0,0,0.0,0.0,0
218527,437,638.3513740102112,629.4841265460138,0,0,0.0,0.0,0
219027,438,638.8050939183863,624.6403997813264,0,0,0.0,0.0,0
219527,439,640.0843830519871,640.1676453267249,0,0,0.0,0.0,0
220027,440,639.9523150545626,640.8353836753861,0,0,0.0,0.0,0
220527,441,636.4018904953439,640.8376097341188,0,0,0.0,0.0,0
221027,442,636.2958084643795,639.1878042381368,0,0,0.0,0.0,0
221527,443,637.8818305958816,641.8218252955962,0,0,0.0,0.0,0
222027,444,638.7360902729653,642.2340977790843,0,0,0.0,0.0,0
222527,445,636.3879842353019,643.842050901318,0,0,0.0,0.0,0
223027,446,636.3362983496979,642.950797882308,0,0,0.0,0.0,0
223527,447,633.9727051232422,644.1589234632602,0,0,0.0,0.0,0
224027,448,634.7491170952964,645.7404381556076,0,0,0.0,0.0,0
224527,449,636.7414254928113,638.4152875872599,0,0,0.0,0.0,0
225027,450,638.8739008446233,638.0553169221064,0,0,0.0,0.0,0
225527,451,639.4414010959438,639.1448726054133,0,0,0.0,0.0,0
226027,452,638.1443303098224,641.65205709325,0,0,0.0,0.0,0
226527,453,637.7831926292323,641.0984301664076,0,0,0.0,0.0,0
227027,454,635.164901687873,642.749970845213,0,0,0.0,0.0,0
227527,455,635.6057689780037,642.3356205953212,0,0,0.0,0.0,0
228027,456,633.936828389442,643.8156890151779,0,0,0.0,0.0,0
228527,457,634.7704203610464,643.4215051100538,0,0,0.0,0.0,0
229027,458,636.7442778380557,642.716457160327,0,0,0.0,0.0,0
229527,459,636.6548146513034,642.1602060478234,0,0,0.0,0.0,0
230027,460,639.3604137984377,643.0847421350423,0,0,0.0,0.0,0
230527,461,639.8477742882633,642.0654652857635,0,0,0.0,0.0,0
231027,462,636.2875535471032,643.1557568999561,0,0,0.0,0.0,0
231527,463,636.059521793131,641.6813474008287,0,0,0.0,0.0,0
232027,464,636.2048394244633,643.4395382370121,0,0,0.0,0.0,0
232527,465,637.9759549777705,643.7707206772476,0,0,0.0,0.0,0
233027,466,637.9745282995601,642.1658926448372,0,0,0.0,0.0,0
233527,467,635.9461122685499,644.177767436061,0,0,0.0,0.0,0
234027,468,638.3421311819556,643.8384504657421,0,0,0.0,0.0,0
234527,469,638.1719178165307,643.1693976607196,0,0,0.0,0.0,0
235027,470,638.3707235357535,642.6737255338874,0,0,0.0,0.0,0
235527,471,635.1933218324953,643.8926155349842,0,0,0.0,0.0,0
236027,472,636.9608695161813,644.2764757177571,0,0,0.0,0.0,0
236527,473,637.464790760519,643.0169656803648,0,0,0.0,0.0,0
237027,474,636.5338520849867,644.9694485759036,0,0,0.0,0.0,0
237527,475,635.3362024770131,643.2174533921564,0,0,0.0,0.0,0
238027,476,636.2059411501912,643.2792697342819,0,0,0.0,0.0,0
238527,477,636.4427972350055,644.4322577023099,0,0,0.0,0.0,0
239027,478,638.6090946455812,644.1672782510649,0,0,0.0,0.0,0
239527,479,638.3719044531219,645.027754695212,0,0,0.0,0.0,0
240027,480,639.8089882176643,645.6022754151326,0,0,0.0,0.0,0
240527,481,639.9582719893056,644.7174672210191,0,0,0.0,0.0,0
241027,482,640.1778749134465,641.1488335202613,0,0,0.0,0.0,0
241527,483,638.7353368185435,643.7110894036437,0,0,0.0,0.0,0
242027,484,638.1246043606498,645.6859971409357,0,0,0.0,0.0,0
242527,485,638.4711165306553,645.5661680086707,0,0,0.0,0.0,0
243027,486,639.0726521762892,644.316750831635,0,0,0.0,0.0,0
243527,487,638.430396316492,645.3361350641185,0,0,0.0,0.0,0
244027,488,638.9941948439138,641.4070261119195,0,0,0.0,0.0,0
244527,489,637.5797658707785,645.4300924670518,0,0,0.0,0.0,0
245027,490,637.2429501638618,642.7262856815815,0,0,0.0,0.0,0
245527,491,636.4788869880665,644.1534557071323,0,0,0.0,0.0,0
246027,492,638.1853735386017,643.7247750124526,0,0,0.0,0.0,0
246527,493,638.2611355182128,643.565890154206,0,0,0.0,0.0,0
247027,494,636.3365091207346,643.3366200706854,0,0,0.0,0.0,0
247527,495,639.4686583461015,643.3719776101308,0,0,0.0,0.0,0
248027,496,638.4046584856842,644.7676460446588,0,0,0.0,0.0,0
248527,497,638.1084770862681,643.9069563859229,0,0,0.0,0.0,0
249027,498,639.0596483513463,643.4816682217637,0,0,0.0,0.0,0
249527,499,636.5246063569159,643.3662332262131,0,0,0.0,0.0,0
250027,500,635.2321923593192,641.2354145842877,0,0,0.0,0.0,0
250527,501,637.6180809859868,635.9628141188801,0,0,0.0,0.0,0
251027,502,638.8346687690847,641.967025458946,0,0,0.0,0.0,0
251527,503,636.913016985615,640.0057915959526,0,0,0.0,0.0,0
252027,504,637.5624538535744,641.6620531486253,0,0,0.0,0.0,0
252527,505,637.1232002138817,641.8633583957704,0,0,0.0,0.0,0
253027,506,638.7680586037136,644.6974431582689,0,0,0.0,0.0,0
253527,507,638.5372347510635,643.7096753785163,0,0,0.0,0.0,0
253553,508,12.000119779636748,53.118516434466706,1,0,0.0,0.0,2
253574,509,5.894706261448356,46.706918685053694,1,0,0.0,0.0,2
254074,510,636.0350996982972,643.0736905659317,0,0,0.0,0.0,0
254574,511,635.6627513365455,643.5860111997832,0,0,0.0,0.0,0
255074,512,639.7288766666246,642.6774511415599,0,0,0.0,0.0,0
255574,513,638.7764037086843,639.0433503189957,0,0,0.0,0.0,0
256074,514,637.9977786854012,642.8134999475411,0,0,0.0,0.0,0
256574,515,634.7626300480548,641.6640317238475,0,0,0.0,0.0,0
257074,516,637.8030977805829,643.2576191053953,0,0,0.0,0.0,0
257574,517,637.8587144516438,642.589813500256,0,0,0.0,0.0,0
258074,518,638.4972674242307,642.6121472553099,0,0,0.0,0.0,0
258574,519,638.682127311354,642.1730961186894,0,0,0.0,0.0,0
259074,520,637.9886130490908,642.5218149881798,0,0,0.0,0.0,0
259574,521,639.9831896614056,641.2495951631956,0,0,0.0,0.0,0
260074,522,640.150027720051,642.1278413978874,0,0,0.0,0.0,0
260574,523,640.3249743975496,643.6344340763912,0,0,0.0,0.0,0
261074,524,639.517397078522,641.9720456301102,0,0,0.0,0.0,0
261574,525,639.5998693484318,642.3259205786478,0,0,0.0,0.0,0
262074,526,640.1901328030328,643.2636722949793,0,0,0.0,0.0,0
262574,527,637.2183268721325,640.8910592423231,0,0,0.0,0.0,0
263074,528,638.6255504972507,641.1158742246529,0,0,0.0,0.0,0
263574,529,635.9059395855033,641.0410670770975,0,0,0.0,0.0,0
264074,530,638.9276768326465,639.0322365196023,0,0,0.0,0.0,0
264574,531,640.0513376662927,632.1750400410714,0,0,0.0,0.0,0
265074,532,637.6289176322309,638.2287261514219,0,0,0.0,0.0,0
265112,533,68.12775778114568,27.442452358548046,0,1,0.0,0.0,1
265612,534,638.4878889169835,635.6852776410868,0,0,0.0,0.0,0
266112,535,640.0829884485536,643.0564652561623,0,0,0.0,0.0,0
266612,536,638.5163722647684,643.4355204375838,0,0,0.0,0.0,0
267112,537,639.9423334180104,642.2157815154529,0,0,0.0,0.0,0
267612,538,639.0065618491413,642.0950933226839,0,0,0.0,0.0,0
268112,539,639.5483033705558,643.262092277908,0,0,0.0,0.0,0
268612,540,639.034510351977,642.2133544280945,0,0,0.0,0.0,0
269112,541,638.2390556011674,642.793295198378,0,0,0.0,0.0,0
269612,542,639.3891354814916,635.8496440526006,0,0,0.0,0.0,0
270112,543,639.73448226187,641.0953318220572,0,0,0.0,0.0,0
270612,544,639.5520130422981,641.2529126145877,0,0,0.0,0.0,0
271112,545,638.243958576818,636.7593168778587,0,0,0.0,0.0,0
271612,546,637.8929324856587,641.4988798058513,0,0,0.0,0.0,0
272112,547,638.9101305906254,642.2439273087098,0,0,0.0,0.0,0
272612,548,638.6499952308274,638.2264400448621,0,0,0.0,0.0,0
273112,549,637.4395575042246,643.7352402485457,0,0,0.0,0.0,0
273612,550,637.8473109098977,641.8571169523265,0,0,0.0,0.0,0
274112,551,638.3718310996976,639.7004489682092,0,0,0.0,0.0,0
274612,552,637.7315741018853,641.0352822770338,0,0,0.0,0.0,0
275112,553,638.2326901683415,640.8268265570155,0,0,0.0,0.0,0
275612,554,638.9621240256112,642.8920508199054,0,0,0.0,0.0,0
276112,555,638.1329042408146,641.1415670020419,0,0,0.0,0.0,0
276612,556,637.1277322098039,643.314293216304,0,0,0.0,0.0,0
277112,557,638.1539644469004,641.7024496619886,0,0,0.0,0.0,0
277612,558,637.690432822872,638.3366165793655,0,0,0.0,0.0,0
278112,559,638.6297389453564,639.5042396398798,0,0,0.0,0.0,0
278612,560,638.3460301994943,638.6755715927196,0,0,0.0,0.0,0
279112,561,637.2708733385236,642.1229544842595,0,0,0.0,0.0,0
279612,562,639.3233376951227,642.241374299833,0,0,0.0,0.0,0
280112,563,638.8873373725293,642.0611282547819,0,0,0.0,0.0,0
280612,564,639.246689309815,642.8597579889931,0,0,0.0,0.0,0
281112,565,639.0829915530384,640.7090355941189,0,0,0.0,0.0,0
281612,566,639.042853537648,641.6201015266389,0,0,0.0,0.0,0
282112,567,639.1834671056675,643.249208136438,0,0,0.0,0.0,0
282612,568,639.3488160875252,641.7048758065397,0,0,0.0,0.0,0
283112,569,639.4604041818525,642.2082824913286,0,0,0.0,0.0,0
283612,570,637.9808086696692,641.1221095203246,0,0,0.0,0.0,0
284112,571,638.0042306820594,643.7230424699696,0,0,0.0,0.0,0
284612,572,637.9397826426666,643.0288241997251,0,0,0.0,0.0,0
285112,573,638.9111994300514,643.9898748848403,0,0,0.0,0.0,0
285612,574,638.035535893618,643.0213583471501,0,0,0.0,0.0,0
286112,575,638.0552176440513,643.0311324257042,0,0,0.0,0.0,0
286612,576,638.9849706903938,643.177662923668,0,0,0.0,0.0,0
287112,577,638.6355658446059,642.1425588776618,0,0,0.0,0.0,0
287612,578,638.1889525072635,643.4175820246938,0,0,0.0,0.0,0
288112,579,637.7767793433906,643.583883940879,0,0,0.0,0.0,0
288612,580,639.3781091144841,643.9670993266461,0,0,0.0,0.0,0
289112,581,639.1788279092331,644.4038177742258,0,0,0.0,0.0,0
289612,582,638.3802724732271,643.0861791364715,0,0,0.0,0.0,0
290112,583,638.3908468917386,643.044205087793,0,0,0.0,0.0,0
290612,584,637.0896581718831,643.6781214687566,0,0,0.0,0.0,0
291112,585,639.422080041021,643.1572156984706,0,0,0.0,0.0,0
291612,586,638.8355336737045,643.7969922068834,0,0,0.0,0.0,0
292112,587,638.1512524926353,636.1489834562254,0,0,0.0,0.0,0
292612,588,637.5886326051075,644.3110641427893,0,0,0.0,0.0,0
293112,589,639.9443969061723,641.771983747906,0,0,0.0,0.0,0
293612,590,638.0623182793238,642.0140108686358,0,0,0.0,0.0,0
294112,591,639.3062081807852,639.4346754512015,0,0,0.0,0.0,0
294612,592,639.295342225753,640.9872268573207,0,0,0.0,0.0,0
295112,593,641.0362296088026,640.7416004789568,0,0,0.0,0.0,0
295612,594,639.9327651171164,642.7065100817745,0,0,0.0,0.0,0
296112,595,638.6625534373784,641.9262974063807,0,0,0.0,0.0,0
296612,596,637.7063746328622,635.8362340071441,0,0,0.0,0.0,0
297112,597,638.2088873715736,639.9260673359237,0,0,0.0,0.0,0
297612,598,639.2927239774334,640.9610253091445,0,0,0.0,0.0,0
298112,599,639.9975454526705,641.5845044398736,0,0,0.0,0.0,0
298612,600,640.9372631387736,641.7833788947141,0,0,0.0,0.0,0
299112,601,639.9999026944918,644.5643318217618,0,0,0.0,0.0,0
299612,602,639.6533578567605,641.4937923536182,0,0,0.0,0.0,0
300112,603,639.0921751111193,640.9134732979174,0,0,0.0,0.0,0
300612,604,639.6307789031989,639.4248700117763,0,0,0.0,0.0,0
301112,605,639.6343208080852,640.4742910259096,0,0,0.0,0.0,0
301612,606,640.0864367903422,640.0011703243483,0,0,0.0,0.0,0
302112,607,638.4809422150798,642.3045191826841,0,0,0.0,0.0,0
302612,608,639.2261278122069,642.8448823032071,0,0,0.0,0.0,0
303112,609,639.1408744587904,640.446909825237,0,0,0.0,0.0,0
303612,610,638.5448942258706,640.4316536522199,0,0,0.0,0.0,0
304112,611,638.117984642697,640.3315566729736,0,0,0.0,0.0,0
304612,612,637.7841223467425,641.5526154375808,0,0,0.0,0.0,0
305112,613,639.6695835819793,642.1236971640167,0,0,0.0,0.0,0
305612,614,637.7508440691815,643.4636672446901,0,0,0.0,0.0,0
306112,615,638.6410590810871,642.9694266066672,0,0,0.0,0.0,0
306612,616,638.2086716803854,643.4501467213886,0,0,0.0,0.0,0
307112,617,638.491701077379,642.8248533016799,0,0,0.0,0.0,0
307612,618,639.2492301622168,642.2126246820598,0,0,0.0,0.0,0
308112,619,638.9369221377102,642.7431543498705,0,0,0.0,0.0,0
308612,620,639.511978731443,642.2964547564109,0,0,0.0,0.0,0
309112,621,637.3237695089013,640.711783780252,0,0,0.0,0.0,0
309612,622,638.8463434641499,644.0528226004016,0,0,0.0,0.0,0
310112,623,637.9688655363113,642.5169735590265,0,0,0.0,0.0,0
310612,624,638.2895195664292,639.7744717223683,0,0,0.0,0.0,0
311112,625,638.160556175438,640.5928113478121,0,0,0.0,0.0,0
311612,626,637.3000455352496,640.8614035586892,0,0,0.0,0.0,0
312112,627,637.1859534922315,641.3160149538203,0,0,0.0,0.0,0
312612,628,637.1793532382583,634.347207197825,0,0,0.0,0.0,0
313112,629,635.8306235127413,641.5662942859569,0,0,0.0,0.0,0
313612,630,636.8314298820035,640.6482289095096,0,0,0.0,0.0,0
314112,631,635.499608112027,641.9058842606864,0,0,0.0,0.0,0
314612,632,636.6575326814957,641.1705674270485,0,0,0.0,0.0,0
315112,633,637.648984787252,639.648087279112,0,0,0.0,0.0,0
315612,634,637.6344346106689,641.653893649578,0,0,0.0,0.0,0
316112,635,636.261005490412,640.5163880740571,0,0,0.0,0.0,0
316612,636,637.106523981251,641.5751121251345,0,0,0.0,0.0,0
317112,637,637.6725962702429,641.6481789692366,0,0,0.0,0.0,0
317612,638,638.8095063194429,640.435072399918,0,0,0.0,0.0,0
318112,639,637.512589540205,639.1744967586783,0,0,0.0,0.0,0
318612,640,637.7597496511257,640.0792876328595,0,0,0.0,0.0,0
319112,641,637.7538747694136,639.0489472989242,0,0,0.0,0.0,0
319612,642,637.1920631284318,639.2199315988563,0,0,0.0,0.0,0
320112,643,637.5792232434848,640.181472899594,0,0,0.0,0.0,0
320612,644,638.4686430717184,639.9083250178938,0,0,0.0,0.0,0
321112,645,637.7751142815857,641.2108326809063,0,0,0.0,0.0,0
321612,646,636.1488440075542,641.5202473603377,0,0,0.0,0.0,0
322112,647,635.1714967662782,641.6741225295926,0,0,0.0,0.0,0
322612,648,634.2514867772446,642.3494562170537,0,0,0.0,0.0,0
323112,649,636.231920629067,639.3773366071397,0,0,0.0,0.0,0
323612,650,636.8257348931619,641.1033834435106,0,0,0.0,0.0,0
324112,651,637.9826403840877,637.8501859461473,0,0,0.0,0.0,0
324612,652,638.6090204547975,642.1017945845313,0,0,0.0,0.0,0
325112,653,636.848921021415,641.242348552267,0,0,0.0,0.0,0
325612,654,638.1238508643603,640.9753981753453,0,0,0.0,0.0,0
326112,655,637.7771341093082,642.4085045473522,0,0,0.0,0.0,0
326612,656,637.1314792168477,643.8013542458027,0,0,0.0,0.0,0
327112,657,636.1152181055469,644.0526022085875,0,0,0.0,0.0,0
327612,658,636.5260274748761,642.4004436319864,0,0,0.0,0.0,0
328112,659,635.0719683441008,643.6401580986364,0,0,0.0,0.0,0
328612,660,634.908025596598,643.2122334328875,0,0,0.0,0.0,0
329112,661,635.8763127301114,640.1214988006556,0,0,0.0,0.0,0
329612,662,635.6259495301558,641.3477016678805,0,0,0.0,0.0,0
330112,663,635.6759164536575,642.8794637581282,0,0,0.0,0.0,0
330612,664,634.8807929563395,641.775552631823,0,0,0.0,0.0,0
331112,665,636.5102409546577,642.278876761946,0,0,0.0,0.0,0
331612,666,635.7315399961399,641.3368246299101,0,0,0.0,0.0,0
332112,667,637.9329768543482,641.2597276952702,0,0,0.0,0.0,0
332612,668,636.4726995934586,640.9208761274047,0,0,0.0,0.0,0
333112,669,635.5994943119754,640.512794823884,0,0,0.0,0.0,0
333612,670,637.8320208356821,639.8305677403205,0,0,0.0,0.0,0
334112,671,637.6249360037045,641.9158207038047,0,0,0.0,0.0,0
334612,672,638.4565950522582,641.3291133129846,0,0,0.0,0.0,0
335112,673,638.8528393451495,642.2620808375871,0,0,0.0,0.0,0
335612,674,636.611724777494,640.5829058508064,0,0,0.0,0.0,0
336112,675,636.1577610914558,643.2082480462831,0,0,0.0,0.0,0
336612,676,636.9339450023318,642.6470633202447,0,0,0.0,0.0,0
337112,677,637.9140128652294,642.4627160914591,0,0,0.0,0.0,0
337612,678,637.9055722932804,640.7401798071118,0,0,0.0,0.0,0
338112,679,637.8244185748315,642.1488003932861,0,0,0.0,0.0,0
338612,680,636.6559108126676,642.4011118932194,0,0,0.0,0.0,0
339112,681,635.2294289386491,642.6794996370993,0,0,0.0,0.0,0
339612,682,636.7043335755878,643.4248195607529,0,0,0.0,0.0,0
340112,683,638.2597290120146,642.9724292349362,0,0,0.0,0.0,0
340612,684,637.8050475713312,641.8062764145632,0,0,0.0,0.0,0
341112,685,638.2115098775523,642.1748891110834,0,0,0.0,0.0,0
341612,686,637.0014760156116,642.5913590854663,0,0,0.0,0.0,0
342112,687,637.1166070448784,639.5456487742637,0,0,0.0,0.0,0
342612,688,637.1551595561538,638.9829204732839,0,0,0.0,0.0,0
343112,689,638.212589653049,632.8692085013038,0,0,0.0,0.0,0
343612,690,637.5048083892884,638.381490463945,0,0,0.0,0.0,0
344112,691,636.9366092385651,640.9400445132945,0,0,0.0,0.0,0
344612,692,638.7901164594282,638.3246300810803,0,0,0.0,0.0,0
345112,693,638.0772630369414,642.0238425881539,0,0,0.0,0.0,0
345612,694,638.4316600422877,642.5338989795051,0,0,0.0,0.0,0
346112,695,639.1750647509609,642.1812834561499,0,0,0.0,0.0,0
346612,696,637.6014671699212,640.4038768376821,0,0,0.0,0.0,0
300454,0,626.9625729367139,633.0522118274655,1,0,0.0,0.0,2
300909,1,627.5065801485457,640.1039015693652,1,0,0.0,0.0,2
347112,697,636.9422879179041,639.0173335405036,0,0,0.0,0.0,0
301306,2,528.1271998002749,539.9330588661954,1,0,0.0,0.0,2
347612,698,637.2925200350891,639.5807150266297,0,0,0.0,0.0,0
301754,3,596.2712753692018,601.6800673187275,1,0,0.0,0.0,2
302151,4,521.6199540460336,539.1271113910379,1,0,0.0,0.0,2
348112,699,637.036870993174,642.0432462753076,0,0,0.0,0.0,0
