step,episode,reward_r1,reward_r2,falls_r1,falls_r2,hits_r1,hits_r2
500,0,98.7567528882133,787.3913353968802,51,34,0.00019606835706950293,6.65770067373298e-05
1000,1,79.52664734079224,807.1110569629166,54,36,0.0,2.706482394541827e-05
1500,2,38.97484774980725,526.748332056712,52,40,0.0,7.482657232122109e-05
2000,3,138.15275796075764,704.2184934770991,53,39,0.0,0.0
2500,4,79.63803832889212,804.1763872451118,52,34,8.188714265776877e-05,0.0
3000,5,-35.98023075587431,970.0812395158115,41,16,0.0,0.00022687350796104627
3500,6,143.7386021709085,793.0071624158483,52,36,0.004941026835575542,0.006837891739613823
4000,7,-280.2485194451388,1448.2598683535298,56,13,0.00042053111939947916,0.0011210439528133971
4500,8,-564.552041972219,1764.6961164940121,68,10,0.0001140268713375225,0.0
5000,9,122.35799000249641,965.2512763471698,50,29,0.0004009559778517763,0.0003291565546238119
5500,10,60.43657634149909,864.7685586487416,50,30,5.668716689621191e-06,0.0
6000,11,120.85526214072961,886.5720969881448,47,28,9.426767433363718e-07,0.0
6500,12,185.81175548538667,743.5790695771805,47,33,0.0025367339070179397,0.0010442205522047914
7000,13,124.71003157157423,843.0718464494887,52,34,0.0015786399226765855,5.071800242947834e-06
7500,14,82.93087235965994,726.1272281037245,48,32,0.0,0.0
8000,15,114.86784946496734,859.3510743120682,49,31,0.00010473697194550132,0.005172725498805199
8500,16,60.53583561636634,866.5759583064145,51,31,4.06551090689857e-06,3.377137857140134e-05
9000,17,120.09815897622381,888.640530769316,48,29,0.0,0.0007950618802085513
9500,18,-57.63389380204736,867.6992685245891,46,23,0.0,0.0
10000,19,160.44879907915046,686.9908454956916,48,35,0.0004241654412943828,0.0007027210264934548
10500,20,121.39274769613121,685.9025951004381,50,36,0.000269443577245461,0.0007903747277335937
11000,21,159.97708073367346,804.1594637306634,54,38,0.0,0.0
11500,22,263.8593094609616,666.8020940993205,38,28,0.0,0.0
12000,23,178.28322538474137,936.8346573621774,48,27,0.023821174679513668,0.0022794245969567158
12500,24,176.82079634190816,670.7229634236178,51,39,0.00013844977576425239,0.0025892408177227906
13000,25,183.72870876903872,986.1796867688244,48,28,0.001720028185307282,0.0
13500,26,139.13593992897063,827.4013940747743,54,37,2.060225342131775e-05,0.0002507556335790652
14000,27,101.3586493750368,747.2648936596138,49,33,0.0,0.0
14500,28,61.603784258635585,907.8661796642959,53,32,0.0,0.0
15000,29,141.91356747570313,907.4681476137279,49,30,2.6918167047448955e-05,0.0
15500,30,58.08511876074212,469.4332677403005,50,40,0.0,0.0024336780837603015
16000,31,100.74490071647499,863.3819612004947,53,34,0.00017254613993329643,0.0005180358293072704
16500,32,119.49675530616892,885.3550448587292,51,32,0.0,0.00038357010747320315
17000,33,141.4411883018828,905.5416681698758,51,32,0.00037185931662510856,0.0
17500,34,126.60237288554461,1051.6881123728258,41,18,0.002173165710934123,0.002020655905516828
18000,35,15.434681078259075,610.0642122181547,49,36,0.0005455391345179895,0.017806103496556654
18500,36,-687.331515617713,1842.9533079690214,68,5,0.0,0.0
19000,37,160.89395399379222,1009.5780532233124,43,22,0.0,0.0003710455379912756
19500,38,32.396123339665024,865.2261303416282,45,25,0.000133283824345443,0.006853620132381169
20000,39,0.04926928509734796,1088.842649089925,53,26,1.641092090431926e-05,0.0007404918155966472
20500,40,0.4846739155860944,927.436937825053,54,31,0.0,7.255326902080464e-05
21000,41,59.86023228318866,745.140799612875,57,40,1.7933845808459833e-05,0.00018906573221809066
21500,42,120.52947228687252,805.3688949340784,51,34,0.00015646488563485336,0.0001083642125502026
22000,43,77.90070600007222,682.9924007236721,54,39,0.0,0.0
22500,44,237.45967693650363,682.1012990306303,59,48,0.0,0.0
23000,45,-746.7984854219587,1982.5481989985149,69,1,7.161529445940712e-05,5.326084198902951e-05
23500,46,112.3942493863865,901.7157453751865,49,30,0.0,0.006057188342245146
24000,47,136.55902227289576,912.4084552379231,58,39,0.0004140842901424348,0.00367492857343821
24500,48,103.77047781564764,874.4552146673666,51,33,6.769640914699617e-05,0.011198075686462715
25000,49,-765.4414283443085,2001.501432441802,72,3,0.0,0.0
25500,50,164.2815154614291,808.0773413499107,44,28,0.0,0.0004949186884471019
26000,51,48.481886424969154,898.8492001668604,49,29,0.0031524173432034637,0.014857151358736937
26500,52,91.2401462227756,884.627759149455,47,28,0.0,0.007232662696682412
27000,53,62.18676898183894,870.8542385487367,47,27,0.0007174479443896197,0.0019253406480478495
27500,54,180.56691778894563,945.0585155635398,56,37,0.0002922374006211986,4.524796046567741e-05
28000,55,148.65855823231047,903.2286334859706,49,30,0.002716317044802081,4.1016810752894794e-05
28500,56,80.31435110755113,804.2736346522773,55,37,0.0,0.0
29000,57,62.0689863446561,747.8162836770271,49,32,0.0,0.0
29500,58,150.08302654842328,821.2807756888163,54,37,0.0032480756464939482,0.0
30000,59,197.43211845970043,773.5795477770636,57,42,0.0068236202450333485,0.0
30500,60,60.780509612326114,624.9060097628872,51,37,0.0,0.0001261463112996561
31000,61,80.0039552710813,965.6693994172906,57,35,0.0,0.0
31500,62,180.6515008963292,705.071352687369,48,35,3.8547756178690745e-05,5.563953414374005e-05
32000,63,190.49556222973763,780.0237859280088,49,34,0.0033151428720056587,0.0
32500,64,102.66684221552899,906.6643079648987,49,29,0.00043294554407971174,0.0004176063382355866
33000,65,-40.66090504962585,885.2162919076642,58,35,0.0,0.0001651758152025794
33500,66,123.41531010099054,1008.1938633083515,43,21,2.2281795208891793e-05,0.0
34000,67,1.4042842575536392,1009.4778301267102,47,22,0.0,0.001056300410933018
34500,68,161.7903349926944,762.2883094698453,56,41,0.0005877140998918962,3.544357178473744e-05
35000,69,122.10945062079614,683.3564769584332,52,38,1.0335471854602188e-05,0.0
35500,70,-19.99249872194711,824.7574610136951,52,31,0.0,0.0
36000,71,161.81539966174333,655.2713578621973,44,31,0.008114914388259703,0.0006756265228710354
36500,72,100.5796151305132,905.9844851622257,55,35,0.00035455373084726814,0.0
37000,73,119.33972947181998,765.9288104214423,55,39,0.0,0.00010134544592481715
37500,74,122.42163326933174,970.8265468264916,49,28,0.0006172320038921957,0.0014913197188765942
38000,75,20.706327056457326,827.0505497580197,52,32,0.0,0.0003389551122343574
38500,76,201.13773062719764,845.9279367550458,50,34,7.880050548435328e-06,6.226573267395088e-05
39000,77,-562.207420771898,1561.3744005141798,72,19,0.0,0.0
39500,78,-14.6692553993302,946.391762658938,49,25,0.0013080297581236095,6.825612500533579e-05
40000,79,183.26898960710398,828.0734110816761,38,22,0.0,4.480723990252292e-05
40500,80,-11.241653310869646,942.9733633869213,52,28,0.0029798903168947177,2.0465271595040093e-05
41000,81,2.9413482591539655,765.6905850734156,52,33,0.0009361343930337525,0.0
41500,82,0.42380524170397194,725.98375502456,58,40,0.00022124898440865743,0.00014772890985892745
42000,83,40.280624529519606,850.975690695506,48,28,0.00012679320840532047,0.0012831900242708
42500,84,160.52158948112037,645.0461280598481,51,39,0.0,0.0
43000,85,80.11272232153257,765.673491250583,54,37,0.0,0.0
43500,86,76.41564082552976,651.0769575370563,50,36,3.0158838592220904e-05,0.002807424270094985
44000,87,100.90717553810043,866.8656488615619,50,31,1.705645095817241e-05,0.0
44500,88,-824.5396447415127,2021.518291555171,74,3,0.0,0.00021350660479034888
45000,89,53.02146607453741,721.437191168425,50,33,0.006264001134269157,0.001995653271389404
45500,90,140.98728300678818,866.5961714184842,49,31,0.0002141601615946264,2.400855218734508e-05
46000,91,140.26613661509782,866.8869488145127,49,31,9.17989674992411e-05,0.0005892372555149473
46500,92,198.76535564078162,764.2157101564644,55,41,3.363320580982736e-05,8.544941304670904e-06
47000,93,141.60847953423888,664.974362847237,53,40,0.00010888788304480548,3.9453082627934846e-05
47500,94,163.3239897983132,1013.1561104380293,47,26,0.0026008590669353354,0.0038535396360628747
48000,95,-62.80060088116818,919.0442616575631,47,23,0.00010174184839572507,0.004388595411608047
48500,96,99.70876112040644,744.039524112262,57,41,4.9379785618099034e-05,0.00010326883039098194
49000,97,259.9243557354946,742.5040039185566,55,43,0.0004047374805250647,0.0
49500,98,161.57064727160687,646.5261441755778,47,35,0.0,0.0
50000,99,201.17720962332243,925.5751307007117,50,32,6.315110449631729e-05,3.759481298897956e-05
50500,100,115.74173566836006,934.9306384881854,57,37,0.001744361973893821,0.004979193371536566
51000,101,181.58602098239703,585.554707374744,45,35,0.0001016622710396344,0.0
51500,102,342.2820985002655,623.566422065496,31,24,0.00018638455503229475,9.175822158228121e-05
52000,103,-40.51833571918395,1091.4874935797143,53,25,0.0007461955333792758,0.0022732952324347674
52500,104,175.55608511345528,805.9289487027347,48,33,0.00329818078840814,0.009970545035777614
53000,105,208.80597015437505,840.3193892022897,57,41,0.004358073340166848,0.0006687165809968938
53500,106,-26.275861559302705,755.0272053779283,56,37,0.00014498940453885827,0.004327676643284869
54000,107,218.6287951124096,543.342778118547,51,43,5.0825445560155796e-05,0.0
54500,108,210.96163180223877,802.530222231661,47,33,0.0003126529601469103,0.0060207787570056796
55000,109,72.20699420691324,986.1678188012321,51,29,0.001288300585935848,0.008412584605053982
55500,110,47.44931970236067,970.9118312049897,53,31,0.0,0.008838603556943077
56000,111,219.40644600583784,745.6617892731734,53,40,0.00012983508010061076,0.00018215385281553176
56500,112,-661.5030824256608,1862.8813005959744,67,4,0.0,7.25274884503391e-05
57000,113,99.03306773244296,1026.6008230765995,54,31,0.0,0.0
57500,114,137.4571260358109,831.2283845047272,48,31,0.00035115431395300206,0.0022945550701590997
58000,115,120.64193943405832,806.6719045810299,50,33,3.1837400013864264e-05,0.0
58500,116,-198.68209856552383,1140.3109217139006,48,16,0.0,0.013302265589762018
59000,117,115.82822095963355,853.451430419959,55,37,0.0,0.002857021746097135
59500,118,125.93941100638223,886.1901686877568,45,26,0.0012433699116807684,0.0
60000,119,138.74720447369424,745.5509223519163,58,43,1.4979768188105309e-05,0.00045950479664946895
60500,120,123.0962506320403,858.8124403950886,48,30,0.005859998700614232,0.008541999522774074
61000,121,-503.15739723714853,1662.5858878053903,67,13,0.0,0.0
61500,122,62.01556946487032,905.9157327433978,54,33,0.00039158490607315763,0.0
62000,123,179.0184682517355,997.0946362361833,46,26,0.0008529617081613646,0.003899819858779616
62500,124,-197.83316654404678,1202.5651709947501,60,25,0.0007564751996359867,4.253303902726437e-06
63000,125,60.8136851543768,908.2512042394658,48,27,0.0,0.0002109522763844835
63500,126,-458.27665503398055,1421.3651162952992,63,16,0.0007796280051597892,5.9556345789557954e-06
64000,127,165.43647994008532,859.7537158022428,38,22,0.0,0.012526936677258259
64500,128,240.40937924410812,725.7993224931998,49,37,0.0,4.6794237888287925e-05
65000,129,-60.33270058788142,786.4177714421658,54,33,0.0,2.0677172238432777e-05
65500,130,60.4624189196602,868.0152710495952,49,29,2.3720660029207558e-05,0.00027446017883327715
66000,131,139.05008792143545,825.3454667013788,55,38,0.0,0.00010966124714949884
66500,132,-4.283318092694168,610.9617282742093,54,39,0.0,0.00276070389407311
