step,episode,reward_r1,reward_r2,falls_r1,falls_r2
1000,0,-2118.4643184492,-1925.1416651237103,131,140
2000,1,293.72735806903387,945.2518958015152,174,171
3000,2,1031.853799162957,1226.1942282408304,129,133
4000,3,94.40555889148223,331.0433790257044,88,88
5000,4,1054.1255934805815,1369.8842154103447,101,113
6000,5,1687.1838987396081,1449.2078613721576,135,119
7000,6,1947.3014686929046,2288.636937460721,135,146
8000,7,2387.154995398848,2568.8195393968213,158,150
9000,8,2149.5278788606197,2967.8531579378955,136,167
10000,9,2181.9853074797584,2993.9880246549683,163,168
11000,10,2436.2596979352443,2356.336966185767,139,133
12000,11,2681.5938705321264,2919.9335259352965,149,157
13000,12,2627.089881537539,2644.227434755217,147,152
14000,13,2220.327794293351,3121.760483103479,135,159
15000,14,2645.274061283559,2202.730029480313,150,113
16000,15,2980.705032493188,3004.2989134482696,160,143
17000,16,2484.316830383219,2657.4247078283497,138,132
18000,17,1864.597217201458,2732.7231170363225,106,135
19000,18,2780.1281707166117,3382.0865334081195,131,156
20000,19,2161.4092194548207,2753.1767594097564,117,144
21000,20,3110.677044402134,3851.4949913035543,144,162
22000,21,3141.621495340034,3924.463174193687,132,164
23000,22,2321.515419610591,3893.9346166819114,109,162
24000,23,2092.138294782421,3800.3454863585125,98,160
25000,24,2811.042912187555,3701.903638288883,119,151
26000,25,3105.3442054877196,3365.651586663157,120,140
27000,26,2977.926952277827,2641.489651110356,118,121
28000,27,3250.7189886095557,2341.809160368761,120,110
29000,28,3181.0567548147515,3339.290805103171,112,136
30000,29,3101.269014837918,3810.939389472003,114,152
31000,30,2837.813688447256,3796.2952192688913,108,149
32000,31,2276.1480624032824,3629.6401702742482,98,143
33000,32,2485.848431109338,3673.979862863023,92,141
34000,33,2835.0382026371335,3658.753805996608,101,141
35000,34,2979.338619954992,3649.0238245770956,105,139
36000,35,2768.3576694365115,3625.814925713738,103,137
37000,36,3017.6072578824514,3616.1843509972537,106,135
38000,37,3331.377334354008,3459.083022767219,113,129
39000,38,3454.016399919299,3375.69630097056,109,129
40000,39,3346.1383937098444,3331.297372268543,107,128
41000,40,3266.3823070320905,3570.473302536725,107,131
42000,41,3449.1475292995096,3614.898239086312,108,134
43000,42,3081.1724057948736,3834.4027290734452,103,136
44000,43,3318.2066504356267,3795.464478632524,106,138
45000,44,3068.269381489358,3777.262175550028,96,139
46000,45,2864.277497893242,3697.425843384351,99,133
47000,46,2666.6143611117755,3726.5638490552496,94,135
48000,47,2773.1185466543143,3686.0277316478255,93,131
49000,48,2718.899853631825,3546.343165711486,93,128
50000,49,3073.698769555935,3677.3025242991425,98,128
51000,50,2968.266320128846,3650.894821208507,90,126
52000,51,2926.025987456871,3510.52287727979,90,120
53000,52,3268.796375252881,3515.771747126606,102,123
54000,53,3563.535721023464,3353.4991527899138,107,118
55000,54,3489.8031030147085,3465.2984103000476,104,120
56000,55,3571.4094004877134,3549.9166909264877,106,121
57000,56,3345.687111453271,3480.8681659796143,101,115
58000,57,3453.0456500411365,3508.715824227512,102,120
59000,58,3376.0985318596286,3491.089562023346,99,116
60000,59,2934.1068034426403,3317.61626197267,88,109
61000,60,2837.7735971778743,3203.841660240711,88,108
62000,61,3237.9328858338868,3101.5865107728905,92,111
63000,62,3436.6264127705836,3441.5944606257062,98,117
64000,63,3424.612946386885,3486.335166862418,97,113
65000,64,3653.8807962126057,3564.6133846501866,103,114
66000,65,3124.4870153457346,3213.7486029873617,90,105
67000,66,2733.111491095891,3425.5333751929797,90,111
68000,67,3130.334725534695,3294.906029184757,90,107
69000,68,3158.771719669151,3091.628998123131,94,101
70000,69,3092.0042239784557,3320.8675196977565,88,107
71000,70,3411.966965090482,2864.484422404335,98,95
72000,71,3469.55133865858,3271.998930472267,100,102
73000,72,3564.130782640357,2913.561571618726,100,93
74000,73,3463.4227278629173,3197.8734146501774,99,99
75000,74,3416.1166215214994,2991.123257148214,96,94
76000,75,3226.0895282403358,3076.1012941297217,93,99
77000,76,3434.464807764942,3154.6378672010524,94,94
78000,77,3328.6439647061466,2916.8503505176686,92,91
79000,78,3331.3765624557536,2999.277778369705,92,91
80000,79,3254.4176112248488,3008.626155818217,92,93
81000,80,3214.5415521168934,3075.2020616462733,91,93
82000,81,3544.9906515856856,3018.9602175625223,98,88
83000,82,3587.3475839104954,2769.4323003191103,98,89
84000,83,3156.922906707334,2948.9005302614496,88,86
85000,84,3072.4304890654776,2677.6111833499526,88,83
86000,85,3203.0754940147754,2880.116671225719,89,86
87000,86,3155.540330141817,2846.8550564090924,86,80
88000,87,3098.942998877003,2633.4085468249436,87,86
89000,88,3215.673270116474,2890.0099106488824,85,84
90000,89,3458.7511142491985,2799.642971690748,90,85
91000,90,3174.294134998462,3009.7970510862947,87,83
92000,91,3446.9348252881846,2884.132418591701,90,85
93000,92,3366.858528510672,2843.161727083421,88,85
94000,93,3355.701850182663,3017.302939325822,88,86
95000,94,3038.6591309071077,3062.861601793393,83,88
96000,95,3207.169052179473,3003.8495606175065,85,89
97000,96,3370.4435905167766,2878.142336910289,89,82
98000,97,3290.602081051529,2956.2198383076493,84,82
99000,98,3401.2312901202354,2737.2056819226063,86,78
100000,99,3326.735181907623,2880.157994777535,85,80
101000,100,3347.069703681129,3115.919892687004,88,85
102000,101,3440.110051030709,2840.3296232467014,89,81
103000,102,3374.029360596833,2742.5911502560957,90,82
104000,103,3456.4396456227664,2725.9094151423437,88,75
105000,104,3478.5750132034277,3140.867240426534,87,86
106000,105,3529.487173899112,2619.074040165064,90,75
107000,106,3471.1122975857384,2849.7328758356243,88,74
108000,107,3591.3106828749424,2699.9859009881743,91,76
109000,108,3209.9674476620366,2769.9451139903244,86,74
110000,109,3314.3558215625185,2519.4335988742655,84,71
111000,110,3237.0665385867164,2777.8952189330766,83,71
112000,111,3080.0050558263765,2744.829918966374,84,70
113000,112,3422.25344886871,2079.7137071891143,88,60
114000,113,3252.902499520859,2438.835905218854,86,67
115000,114,3457.4799791000014,2355.8499014677777,86,66
116000,115,3245.3533035715964,2667.584597283397,82,69
117000,116,3339.9591848982836,2686.73656463566,86,67
118000,117,3415.0027236306014,2243.419092346193,85,66
119000,118,3231.514187417764,2785.501515981221,82,70
120000,119,3320.5983982797825,2531.5598317268195,84,68
121000,120,3522.8889854579206,2545.084866276351,86,67
122000,121,3145.0198641085917,2692.3834405203747,78,67
123000,122,3207.9679709112706,2590.6234545688994,81,68
124000,123,3505.8582887228977,2651.108933388532,87,65
125000,124,2930.4924285368306,2722.812721298321,77,67
126000,125,2952.3527048260758,2685.939546950327,76,67
127000,126,3346.358882316275,2653.593002835822,81,67
128000,127,3384.465416978891,2725.1698637894833,85,66
129000,128,3383.095916853221,2666.846218397857,83,66
130000,129,3345.389915818942,2676.8170179409385,81,62
131000,130,3271.8695880981923,2376.9980392142975,78,60
132000,131,3219.2753074723396,2610.6457557576773,76,65
133000,132,3112.9475065013885,2359.468243179158,77,63
134000,133,3158.6532453132813,2338.481407464971,77,56
135000,134,3310.7236653171553,2648.8293609719644,78,61
136000,135,3220.01015086112,2457.2133918461195,81,60
137000,136,3126.593936912519,2431.0268082402295,72,61
138000,137,3242.6827730453056,2452.7888503590325,77,60
139000,138,3278.008636836696,2521.849372038117,76,61
140000,139,3296.2831190608053,2632.0560153032125,77,62
141000,140,3139.205888248293,2643.0499459603825,74,61
142000,141,2990.5974283395076,2792.845000458244,68,62
143000,142,3154.4930794584457,2763.2995984218096,74,65
144000,143,3275.4740172559364,2821.370437132511,75,67
145000,144,3044.1630292124673,2779.402788170989,70,64
146000,145,3131.5168599316376,2417.296048499491,74,56
147000,146,2785.7633834608378,2459.5477555812586,64,56
148000,147,2941.7443877625433,2374.73356441283,69,54
149000,148,2895.7705002652583,2606.664111501977,69,56
150000,149,2936.977939501707,2429.408996883211,68,57
151000,150,2885.406327181539,2445.3506365501034,67,55
152000,151,3136.0978496686357,2343.916722982688,71,54
153000,152,3052.902690568309,2338.152373619265,70,55
154000,153,2979.485544351416,2352.518386978655,69,53
155000,154,2754.9685884261,2341.212884933307,68,52
156000,155,2893.8998816901603,2229.8696971310637,67,55
157000,156,3068.941282586223,2397.6237315514004,69,56
158000,157,2889.1587934889553,2462.8270350757343,68,55
159000,158,3070.6376742443736,2638.325257308433,67,56
160000,159,2925.2808073857896,2487.7783646435687,65,54
161000,160,3095.4279738647424,2501.0315263169623,67,56
162000,161,2943.2897112707233,2618.6542625164525,63,55
163000,162,3032.2620354612436,2583.020160345728,66,57
164000,163,2827.1730882275415,2668.389553616284,58,57
165000,164,2797.718605644044,2649.998695819488,58,54
166000,165,2676.786075501246,2699.854411738719,56,53
167000,166,2764.0197340396935,2458.116783000467,58,50
168000,167,2742.7410628141793,2326.8016062358565,58,49
169000,168,2765.760739282643,2448.902003045465,56,50
170000,169,2874.547697030146,2608.9314006701297,59,51
171000,170,2515.6895379514845,2464.6673712163542,53,51
172000,171,2746.335907636033,2529.1204800513374,53,49
173000,172,2451.720224928393,2456.67278725065,54,49
174000,173,2213.8742476226603,2210.4874864737662,46,44
175000,174,2242.240314106263,2367.130451573811,44,45
176000,175,2540.6278061257835,2437.5715406895865,51,51
177000,176,2527.6546575560387,2404.0036583614456,52,48
178000,177,1616.7856187143045,1267.5399371196827,31,20
179000,178,2339.30569457105,2100.449514644391,50,46
180000,179,2492.5954788628187,2230.439138202247,52,48
181000,180,2020.3352782416473,1755.2992000289446,37,31
182000,181,2438.796823168704,2081.585700864971,46,37
183000,182,2651.6465444646474,2297.755344614518,52,43
184000,183,2661.4923132306903,2226.566036239709,53,43
185000,184,2385.212309589866,1990.7072445131785,49,37
186000,185,2405.7546900062503,2221.8596533903064,50,41
187000,186,2562.6801233110154,2388.978444212771,50,40
188000,187,2493.887231262857,2321.5763963731406,50,43
189000,188,2045.955805685971,1658.4405859675012,37,29
190000,189,2709.2173845685684,2363.449425450282,53,44
191000,190,2579.806539309719,2338.4573402862143,48,43
192000,191,2074.3434977335314,1673.045201326074,37,31
193000,192,2617.750544460015,2304.949681659329,51,38
194000,193,1953.2766435854235,1814.2805934924966,33,32
195000,194,2568.2794215025233,2139.803924537586,49,39
196000,195,2475.816051626863,2184.886196573443,45,37
197000,196,2516.3774348688203,2141.275338977766,48,37
198000,197,1922.370826328358,1674.9409219947509,37,27
199000,198,595.6914456392077,489.55452906552694,4,9
200000,199,2068.2057353207106,1843.692883626546,39,30
201000,200,2241.4282664081884,1868.686074539336,41,32
202000,201,601.2965354515627,417.46289394041617,8,2
203000,202,541.1826165676165,515.2307738881855,8,4
204000,203,1209.7800289359752,893.9564869390605,21,10
205000,204,2421.2002464133066,2173.0723407628357,44,34
206000,205,1085.641364751286,932.7902420186089,18,16
207000,206,839.633089718284,693.5175094414382,11,7
208000,207,1445.6926790214238,1265.9810227692133,23,20
209000,208,2517.7142855472835,2038.8531707728723,46,32
210000,209,1170.17713345278,844.180618750728,15,14
211000,210,1926.1852210074144,1516.260749581716,34,22
212000,211,1212.9145990763698,1056.6993042756342,19,14
213000,212,1577.505206118555,1476.073071015761,26,22
214000,213,1043.412615125897,916.5008392879453,13,11
215000,214,1534.9662828617115,1282.7105494982184,27,19
216000,215,1886.199024312994,1572.3635918536613,31,23
217000,216,1802.0072655085926,1258.531361648753,32,19
218000,217,1028.3328401859676,1001.5661963571148,11,13
219000,218,327.7571271385368,426.4426560942594,3,3
220000,219,1628.2982142193405,1463.9643999463794,24,19
221000,220,1369.5073792865724,871.9472289458421,21,11
222000,221,1676.7448302039024,1167.7691891501581,27,17
223000,222,1357.6101824377579,1144.810692541496,22,15
224000,223,1124.3317387817044,855.368188892459,13,12
225000,224,1078.2582757721225,875.0460346047967,15,14
226000,225,1099.1355649432246,1068.3300723984803,13,15
227000,226,806.3076170194696,819.0488679881748,7,11
228000,227,1120.2471782981015,1146.0179481110006,14,16
229000,228,831.9134229372162,909.585119848638,8,11
230000,229,1781.8671177599558,1551.050300834012,30,20
231000,230,660.0837971327439,798.8899417332328,7,5
232000,231,997.795628538533,950.171954735512,13,12
233000,232,1160.0412693241062,1099.1196303834456,15,10
234000,233,1518.7282595730678,1255.5842371645615,23,14
235000,234,1309.2284470924023,1212.6069384864525,19,15
236000,235,1834.0831420774925,1491.2725779104796,28,20
237000,236,649.8851345413797,418.71894925363785,1,6
238000,237,1631.565892134383,1624.1804150496876,23,23
239000,238,599.8626911170702,669.606508179472,6,5
240000,239,710.0230119397462,639.7264927947864,5,6
241000,240,1610.96046268249,1386.2248871031925,23,19
242000,241,607.5272395762452,582.8969151611561,3,5
243000,242,997.8072937195902,841.5336004147026,12,6
244000,243,1164.5561233325811,1226.02364598931,14,14
245000,244,903.3452850011761,782.6322752484342,9,7
246000,245,1209.7159588281675,1239.2368069891822,15,13
247000,246,1391.3353703805774,1284.127183672948,22,13
248000,247,576.8629857048477,730.6828936675265,1,7
249000,248,1276.208064783508,987.3183964136741,16,11
250000,249,840.8354698431302,723.8437170771916,5,6
251000,250,1347.2788583059178,992.5828320551022,10,7
252000,251,1406.6650654276323,1424.0214801779923,19,16
253000,252,1268.3768934154743,1143.7973284721718,15,15
254000,253,1292.4742119248122,1299.9507626757127,15,12
255000,254,1288.0522431290174,1217.8373102624682,18,14
256000,255,1380.4067543091478,1054.0936457365983,17,9
257000,256,935.9391479184995,1175.780317459334,7,10
258000,257,1368.996498493893,1423.3612465092795,14,17
259000,258,1363.5245237022725,1325.0863287839193,12,15
260000,259,1915.7590673760426,1649.9941996808614,21,21
261000,260,1224.8745688746333,1050.6859508844807,4,5
262000,261,1200.7085484060576,1094.679972884839,2,7
263000,262,1601.0311671744855,1201.933971734427,13,10
264000,263,1318.8603886546111,1054.605950748158,5,7
265000,264,1426.5723806862022,1137.3430383513587,3,4
266000,265,1344.4604260587441,930.4436222699999,5,10
267000,266,1170.5186856460152,1019.2433454593713,1,3
268000,267,1256.7851031130342,1069.3491345321934,0,2
269000,268,1201.1024417850506,1066.3388026745913,0,3
270000,269,1324.633523286796,967.8281225968142,1,1
271000,270,1371.6675496665484,1142.1698656947842,0,1
272000,271,1260.1871531251677,1239.2074465411465,2,1
273000,272,1088.565666246201,1263.3976897609518,1,4
274000,273,1089.2245518261857,1314.2571726064248,2,1
275000,274,1324.6171577150083,1373.3867407647556,3,4
276000,275,1286.8535233412108,1065.4540776952233,1,3
277000,276,1180.6811257017491,1172.8847676421226,2,2
278000,277,1305.8542500186772,1281.154268202963,0,1
279000,278,1179.8334347164337,1387.7445220616662,0,0
280000,279,1178.962631098574,1384.2945053965261,1,0
281000,280,957.832862491251,1401.8921664464463,3,3
282000,281,369.0554373770905,1235.0563977689403,1,3
283000,282,518.6863045560515,1381.7484348803405,0,2
284000,283,757.1158151626166,1301.0245917979123,2,4
285000,284,814.8893623392185,881.5442630818736,3,11
286000,285,1236.2035971008008,1316.0391747770198,1,1
287000,286,1297.830452073422,1343.1892369302861,2,2
288000,287,1291.4428495153982,1022.37629089963,3,1
289000,288,1348.027485123665,1255.258498512677,0,0
290000,289,1297.0144813029099,1027.4189430882066,2,1
291000,290,1283.4467644576973,1239.9131908510128,0,0
292000,291,1321.0646468165448,1262.08849978399,0,0
293000,292,1213.0895423974196,937.4922430740154,1,4
294000,293,1357.7723113929294,1258.530957345818,0,0
295000,294,1284.3098049909186,1357.7151677668853,1,0
296000,295,1293.835925328753,1290.5939372435193,0,0
297000,296,1256.5993692294687,1247.3282807671844,0,0
298000,297,1080.745411855361,1070.2101538510253,2,1
299000,298,1351.3923919955917,1259.7896198507403,0,0
300000,299,1193.238613522492,1184.0369979768811,1,4
301000,300,1148.8439887268928,1061.512663720306,1,2
302000,301,1328.7714255959243,1342.2120310514906,0,0
303000,302,1394.3358346564216,1308.0526588618745,2,2
304000,303,1331.8710294325524,1255.2423588677211,1,0
305000,304,1223.633905978771,1133.0864775890468,0,4
306000,305,1339.1046170329807,1170.9194850177707,0,2
307000,306,1375.4825330893711,1331.8527787008338,0,0
308000,307,1357.6026345883445,1294.968540034202,1,0
309000,308,1262.6244296607579,1196.1103951996076,0,0
310000,309,1277.0343654141257,1280.585528763973,0,0
311000,310,1324.6952796514688,1041.7194333544767,1,0
312000,311,1185.6466902782706,939.2605653795724,0,1
313000,312,1156.6564749362683,1293.396474248955,0,0
314000,313,1332.843322233047,1039.6969929110185,0,0
315000,314,1293.2713521761439,1048.0709421570493,0,0
316000,315,1227.1735990714883,1233.5772405186276,1,0
317000,316,1271.0321381506808,1236.3740995234134,0,0
318000,317,1388.7235981223955,1309.6673449536768,1,0
319000,318,1264.2757406888475,1286.4916423946527,0,0
320000,319,1264.3530192270803,1228.0188457200966,0,0
321000,320,1213.3983652304028,1065.040149681786,0,1
322000,321,1196.0344075175817,931.9857009256259,1,1
323000,322,1341.4487978655693,1290.2827755334015,0,1
324000,323,1378.361441393173,1249.4266828132288,0,0
325000,324,1304.1567744767367,1337.2596430655904,0,0
326000,325,1253.7620035084904,1241.6433269016131,0,0
327000,326,1322.0876575065502,751.3351955398815,0,1
328000,327,1305.2111068493334,1366.365820526052,0,0
329000,328,1053.4971841341646,1112.4365954076698,3,0
330000,329,108.02256045059637,1115.4794309895851,4,1
331000,330,607.1836906133178,1277.320318741996,4,0
332000,331,473.78645139889346,1134.2110357054214,3,1
333000,332,901.6348168315607,1254.944807781542,1,0
334000,333,531.3343312698605,1138.357899585992,1,2
335000,334,1105.1534778674404,1039.705855346037,2,1
336000,335,1151.110816736887,1016.3026701862696,1,2
337000,336,577.9701417932781,1172.4500905940815,2,2
338000,337,1168.7704256715745,1278.9390370818126,1,0
339000,338,1324.6519008029516,1265.2209815801598,1,0
340000,339,940.5168875795288,1283.2898365978187,0,0
341000,340,762.6157556162476,1008.4948823583059,3,1
342000,341,1229.8170829084252,1174.8058972901244,0,1
343000,342,1182.0784191494577,1110.9465082541224,0,1
344000,343,1248.436861278588,1113.9870710998443,0,1
345000,344,1295.0425314310432,1291.2480008673813,0,0
346000,345,1324.7079682728722,1345.0946771936544,0,0
347000,346,1349.8850171865815,1326.673329998217,0,0
348000,347,1178.006791127607,1179.4293666098827,1,1
349000,348,1255.2394979797075,1323.7888764590898,0,2
350000,349,1291.79483311903,1246.8907119807131,0,0
351000,350,902.85364405671,774.9042940516123,1,0
352000,351,1167.4125382236887,1268.778795661416,0,0
353000,352,1312.6587957693723,1333.885060336568,0,0
354000,353,1290.0872068283913,1257.2900998133887,0,0
355000,354,1249.2849763391332,1083.6995042363176,0,1
356000,355,1291.5967053346321,1177.7482625629161,0,1
357000,356,1307.366816410701,1073.2970731551588,0,1
358000,357,1234.2732414245024,1234.4646109839568,5,0
359000,358,1376.5133240442292,1226.6972700956171,0,0
360000,359,1251.111267272145,1182.653786507329,0,0
361000,360,1277.6117213805246,1201.178940791266,0,0
362000,361,1331.8038160225478,1243.059674322969,0,0
363000,362,1228.5410560071023,1265.2269614341114,0,1
364000,363,1290.5301548040625,1095.373899644524,0,0
365000,364,1334.700841216476,1252.0682786653158,0,0
366000,365,1296.1727410981275,1231.2879996407787,0,0
367000,366,1365.5330719134636,1255.7867137650385,0,1
368000,367,1209.7441218731149,1345.1838506170661,0,0
369000,368,1120.9782289111492,1039.0756301249478,0,1
370000,369,1218.51859438835,1253.8119237446454,1,1
371000,370,1163.6544035550476,1265.2940808077685,0,1
372000,371,1162.4061599496165,1199.493275166941,0,0
373000,372,1279.4615167762342,1206.05953171884,0,0
374000,373,1298.713903918078,1368.7246424115024,0,0
375000,374,1309.1222701154375,1255.5099885882746,0,0
376000,375,1346.8237814972701,1243.3980544757876,0,0
377000,376,1331.385016473057,1271.255328966447,0,0
378000,377,1284.7142771735466,1206.687790240791,1,0
379000,378,1084.1423154695092,994.3790485117449,0,0
380000,379,1281.0396520868344,1238.7402406743545,0,0
381000,380,1339.0263567179977,1210.2065790302302,1,1
382000,381,1349.0423737695485,1314.7697202116165,1,0
383000,382,1327.353515988681,1349.5868988026618,1,0
384000,383,1258.6489992658014,1314.4908310393423,0,0
385000,384,1305.9092227466765,1326.3393753673483,0,0
386000,385,1239.2378222796906,1300.1108608852473,0,0
387000,386,1325.5259530963638,542.4976642233764,1,0
388000,387,1389.8259348382526,1341.7203836905649,0,0
389000,388,648.1760009903365,1372.5252361930561,0,0
390000,389,1287.8749594903713,1308.3389767889091,0,0
391000,390,1275.0958337982422,1188.040168978632,0,0
392000,391,1060.7797526692054,1229.6870272162341,2,0
393000,392,1034.9192897327812,1213.5995984409417,0,0
394000,393,1316.0713378677794,1348.5091678813742,0,0
395000,394,1211.442948788876,1267.2727738233614,0,0
396000,395,1186.1772467383355,1232.7745873615247,3,0
397000,396,1238.4839290823527,1257.9732815416564,0,0
398000,397,1333.688327388379,1311.5772981917005,2,0
399000,398,1273.9485291670353,1273.2663759922916,0,0
400000,399,1290.1540218163443,1331.7697275597377,1,0
401000,400,1301.3732220777792,1327.0845265331238,0,0
402000,401,1204.442483153244,1216.2464053350977,0,1
403000,402,1269.387514856334,1327.0597800196401,0,0
404000,403,1388.7832661810676,1344.3727798960565,0,0
405000,404,1237.3947903448707,1206.2410106578134,1,0
406000,405,1185.9323867008384,1323.5878482985238,0,0
407000,406,1263.5197001444155,1314.0207467564626,0,0
408000,407,332.4194640856385,1236.727920371598,3,0
409000,408,1310.4268873417443,1367.3549388729418,0,0
410000,409,1327.5778981139915,1325.7144808072374,1,0
411000,410,1200.8795412478623,1293.7750060084863,1,0
412000,411,1281.0680180354075,1308.2870297879974,0,0
413000,412,1321.1778442256184,1396.1432367721081,1,1
414000,413,1337.9907043280095,1314.9995352376304,0,0
415000,414,1314.545680531003,1220.2213724088483,0,0
416000,415,1227.0912582914516,1268.009584274032,0,0
417000,416,1278.0224700398342,1332.3191592599005,0,0
418000,417,571.8302125596022,1270.7709728346147,2,2
419000,418,1314.5496321521182,1329.073771080883,0,1
420000,419,1354.1860417405521,1326.5487252784596,0,0
421000,420,1337.2977583351287,1417.4504988241401,0,1
422000,421,1275.5115614652188,1281.4516056901239,0,0
423000,422,1371.6647290599046,1354.915041542022,0,0
424000,423,1339.2418264699204,1348.7042141431473,0,0
425000,424,1269.3921227986768,1306.5313159540888,1,0
426000,425,1344.7505921492732,1247.3076551179622,1,0
427000,426,1333.4927920571233,1242.806454155246,0,0
428000,427,1423.2171540050003,1224.917746770111,0,0
429000,428,1313.3243613804125,1378.6249166793102,0,0
430000,429,1264.2568056996033,791.7878720726834,0,0
431000,430,1303.6488940702727,1346.3679346438835,0,0
432000,431,1210.942890458737,1348.8760763160703,0,2
433000,432,1353.5281442550115,1275.1654661731427,0,1
434000,433,1327.5688826848345,1126.6374067152854,0,0
435000,434,1340.950701326093,1313.9293290450019,0,0
436000,435,1319.2853879968914,1396.883421566515,0,0
437000,436,1209.792732107851,1255.0851490793227,0,0
438000,437,1293.6586373855373,1188.3276171933533,0,1
439000,438,1322.9820148090232,1077.5650002072805,0,1
440000,439,1258.9952496326252,1312.3215833996312,0,0
441000,440,1227.0755492984451,1268.6747488066362,1,0
442000,441,1229.2178767646944,1135.4906833348944,1,0
443000,442,1269.2215713615494,1297.0402652594,0,1
444000,443,1393.6751274443795,1196.0123076739399,1,2
445000,444,1277.2902189852828,1052.3781872670133,0,1
446000,445,1120.8351141438638,1281.762058935744,0,1
447000,446,1105.6596161607295,1097.202201026319,0,0
448000,447,1285.7168366644228,1199.1608433428503,0,0
449000,448,1271.1397425062917,1200.4546289272416,0,1
450000,449,1287.972176300212,1065.1867862626493,0,0
451000,450,1245.0705325125653,1331.4859328240648,1,0
452000,451,1266.375393934568,1198.2364693998297,2,1
453000,452,1245.9418153789184,1276.586799200869,1,0
454000,453,1306.0929892702643,1096.7372072931844,0,1
455000,454,1161.729361419371,1187.993147049103,0,6
456000,455,1268.0835635986994,1337.573883477649,0,0
457000,456,1253.082983672256,1262.77669609174,0,0
458000,457,1195.7490950858412,1328.385038856719,0,2
459000,458,1089.432121264568,1245.428026988358,0,0
460000,459,1220.6312629406227,1402.5160035872696,0,0
461000,460,1304.6834300857186,1327.0187584909088,1,1
462000,461,1306.0085303917606,1436.4373859661787,0,0
463000,462,1014.7401542274259,1227.2279059176954,2,0
464000,463,1167.2644267336277,962.7178363473178,1,0
465000,464,1240.8447248945597,1317.3748752274707,1,1
466000,465,1225.1407709177586,1282.2641083792328,0,0
467000,466,1307.7494686701646,1261.2147147217688,3,0
468000,467,1103.8260072902797,1346.982307804122,0,0
469000,468,1098.9482230721283,1397.3443505647613,0,1
470000,469,1250.5507033858312,1204.992752040706,0,0
471000,470,1235.6388397138646,1246.236449942818,0,1
472000,471,1296.1432961087191,1371.868745593151,0,1
473000,472,1299.9442955434188,1412.6846612119864,1,0
474000,473,1219.094426332809,1400.5848776502487,0,0
475000,474,1326.7139318211307,1382.044264768808,0,0
476000,475,1261.0193941574114,1264.2333366489183,0,0
477000,476,1310.6544412622657,1379.711660748494,0,0
478000,477,1246.0059823607799,1346.1405010244587,0,2
479000,478,1230.6625638579542,1282.9185484833313,2,1
480000,479,1201.3871172520971,1269.8990851843328,0,1
481000,480,1163.7436922898935,1273.256298235169,0,0
482000,481,1340.6955438703878,1384.241401267934,2,2
483000,482,1329.7155316271135,1404.2495921574612,0,0
484000,483,1330.3157235392084,1319.1657243738207,0,0
485000,484,1343.9078631884347,1363.4202588791206,0,0
486000,485,1367.2432288407392,1191.803634362481,0,1
487000,486,1153.2107386827831,1297.3123003565734,0,0
488000,487,1306.2938262841142,1316.184452414837,0,0
489000,488,1291.7586745363374,1359.034606960924,0,0
490000,489,428.1964333639687,1260.5052679576397,2,2
491000,490,1281.7791580897226,1376.0923863250132,0,0
492000,491,1282.76821407502,1126.6380702685117,1,0
493000,492,1259.8925737645636,1178.7501009518644,0,1
494000,493,1316.770102388956,1303.7362204826688,0,0
495000,494,1269.9038225209435,1297.1358999711122,0,0
496000,495,1342.2740285486655,1333.7428596574323,0,0
497000,496,1335.8350327269984,1348.9519629732622,1,1
498000,497,1305.0390801240044,1351.5684305587279,0,0
499000,498,1322.5629553961317,1297.5750042898578,0,0
500000,499,1347.6678733111698,1305.0404042111143,1,0
501000,500,1334.541193706062,1227.0001802292531,0,2
502000,501,1239.4251460737753,1345.5487152396372,1,0
503000,502,1287.5395636321798,1160.1139728325654,0,1
504000,503,1328.71533606154,1360.1354954046105,1,0
505000,504,1316.723031217644,1341.4293081730616,0,1
506000,505,1278.0879914452926,1291.6316539801521,0,1
507000,506,1331.8164969667616,1337.4222983392694,1,0
508000,507,1232.832190356269,1173.3919728483613,0,2
509000,508,1287.5891052200234,1397.9538086132955,0,0
510000,509,1286.3030427054782,1060.360323458176,1,1
511000,510,1304.1216177185706,1295.7948779954177,1,2
512000,511,1318.6840777877053,1331.6703992453497,0,0
513000,512,1216.844019076497,1278.2491598611175,0,0
514000,513,1350.6848465139972,1296.8006801895713,0,0
515000,514,1309.2077142365504,1338.2561263722184,0,0
516000,515,1300.9929802866948,1311.8082421042275,2,0
517000,516,1261.795023333364,1251.6339716190787,0,0
518000,517,-86.67831277526801,899.8821883803836,13,2
519000,518,723.6554346135847,1283.6606979064914,0,0
520000,519,394.3970387637799,1297.731195377435,1,0
521000,520,746.9973593212889,1335.9349957451188,1,0
522000,521,205.79760332807837,1346.0655781586026,0,0
523000,522,743.9690132696672,1342.1545269059043,0,0
524000,523,837.2998588258639,1402.0477180536543,0,1
525000,524,1176.9484913794415,1372.9052333573518,0,1
526000,525,1058.6152378089948,1235.7429754435211,1,1
527000,526,1256.266426538094,1378.7810363717524,0,0
528000,527,1084.7438775319727,1224.6516958461561,0,0
529000,528,1224.0103607669296,1405.558268948049,0,0
530000,529,1109.1024871248965,888.5947893099635,1,2
531000,530,1330.3269105746954,1300.512962027,0,1
532000,531,1352.3943314551543,1290.8090978290506,0,0
533000,532,1348.6336307853958,1325.5889829873602,0,0
534000,533,1293.046232474461,1283.8629707945715,1,0
535000,534,1334.3538391152044,1354.6387009667465,1,1
536000,535,1295.210889121143,1388.8600999692048,0,0
537000,536,1366.0664726073355,1335.4218748789203,0,0
538000,537,1173.8779564081944,1045.3665174055059,0,1
539000,538,1257.8243455395755,969.1472565541168,1,1
540000,539,1314.1645437106536,287.03676831821457,0,1
541000,540,1306.9135714251001,1011.087616413788,1,0
542000,541,1367.5669561569787,1120.6442909182729,1,0
543000,542,1360.4124088338037,1142.0778301794805,1,1
544000,543,1352.4015307666457,821.3583337668183,0,0
545000,544,1366.264950670683,1348.9741453591705,0,0
546000,545,1364.596472137605,1282.4516994690298,0,0
547000,546,1297.6957410269654,1105.8757175027392,1,0
548000,547,1379.979732802536,1247.5774595154194,0,0
549000,548,1346.363115566312,1323.4801604438678,0,0
550000,549,1325.7918017255777,1158.33597370147,1,1
551000,550,1289.5020555206172,1243.0834706942828,1,1
552000,551,1370.299192150653,1315.2729820438,0,0
553000,552,1295.1700044040836,923.2821307083268,0,1
554000,553,1230.648272202788,932.9716308264182,0,1
555000,554,1376.766945589799,1375.8470597064736,0,0
556000,555,1285.05059503815,1286.2989299581698,0,0
557000,556,1339.156427308088,1284.979036375562,0,0
558000,557,1287.2886037691364,1312.0917527868717,0,0
559000,558,1266.2741515310443,926.7843353865455,0,3
560000,559,1004.0715913206922,1114.2037079195968,1,1
561000,560,1363.3728748664769,1311.6550536814455,0,0
562000,561,1328.2043947985915,1254.5701467384852,0,0
563000,562,1319.5428585511797,1325.2862308515803,0,0
564000,563,1336.826391981954,1200.4025586552932,0,1
565000,564,1174.0695369162952,1337.2787795926247,1,0
566000,565,1321.3264050436264,1343.3534339328435,0,0
567000,566,1331.7986812366714,1148.6261407924512,0,0
568000,567,1369.1871263757614,1345.2057678011097,0,0
569000,568,1419.9514578127457,1416.9515209292242,0,0
570000,569,1318.2165503743947,1379.965264963671,0,0
571000,570,1370.2125806354604,1362.5894433629198,0,0
572000,571,1343.948626894969,1339.9445584685106,0,0
573000,572,1265.8686646359206,1303.8910930877,1,2
574000,573,1178.7061942432576,629.1565097219667,0,0
575000,574,1289.3889605701372,954.599409928244,0,0
576000,575,1256.7751086208998,952.1867767361337,0,0
577000,576,1126.8867038926496,1261.93543561878,4,2
578000,577,1296.444273778639,1349.381623422433,0,0
579000,578,1283.9682235755777,1298.8117208314288,0,0
580000,579,1341.7451586793823,1324.5717849814416,0,0
581000,580,1299.5586633353817,1367.3858152665096,0,0
582000,581,1249.3191056835992,858.4205257509711,0,0
583000,582,1274.626695325538,1285.4270436358975,0,0
584000,583,1323.2426044620292,1107.8729094760265,0,0
585000,584,1316.734260031145,1350.901582047986,0,0
586000,585,1310.293364032053,1360.5243881263216,0,0
587000,586,1232.7768413347776,1339.8884579314135,1,1
588000,587,1316.6592830789118,1364.8513835992285,0,0
589000,588,1363.2862236084777,1378.5058099496944,0,0
590000,589,1268.0788509201195,1363.9594640135201,0,0
591000,590,1237.3422055139677,1338.7139199942953,0,0
592000,591,1292.2784402617833,1404.0743342345404,0,0
593000,592,1336.4466113486162,1300.9217891017263,0,0
594000,593,1287.7556962633741,1292.5606548678193,1,0
595000,594,1341.0559461552614,1278.2255525796554,0,2
596000,595,1220.4342045390724,1030.148444179351,0,1
597000,596,1334.8097965957866,1363.2790211346637,0,0
598000,597,1302.371719610875,1393.7510277934043,0,0
599000,598,1345.7005472673623,1431.1270357005385,0,0
600000,599,1138.2925096240342,1162.4050455105219,1,0
601000,600,1289.7694733945727,1380.1593703208878,0,0
602000,601,1321.4937129063364,1409.9256590546288,0,0
603000,602,1227.7844849105486,1310.8729640456286,0,3
604000,603,1351.363007237617,1346.9457691560992,0,1
605000,604,1140.0017258013559,1336.4738909170305,1,0
606000,605,1380.7561259770441,1349.9758115398954,0,0
607000,606,1351.3670124442142,1355.0123909016536,0,0
608000,607,1318.1706114072922,1005.89602548109,0,0
609000,608,1354.738942984377,1427.076464127299,0,0
610000,609,1012.4946624854608,1341.0957952801323,0,0
611000,610,1023.0289656410586,1377.0498745683276,1,0
612000,611,1096.519299944471,1336.0392977650242,1,0
613000,612,1270.0319805404076,1391.5161298991577,0,0
614000,613,705.7579734385821,1173.0915990296778,1,1
615000,614,1321.522927967342,1389.1195225583456,0,0
616000,615,1311.643294326104,1388.5539369389483,0,0
617000,616,1374.8302362808101,1320.7020482374726,0,0
618000,617,1351.1473496281637,1386.750848961742,0,0
619000,618,1297.0890486651372,1350.1017459949496,0,1
620000,619,1270.570893417505,1139.4922792189877,1,1
621000,620,1280.9083235716323,1312.6777448522757,0,0
622000,621,1341.4539717319917,1360.4160458409917,0,0
623000,622,1411.0829551412194,1357.2573235108982,0,0
624000,623,1389.4602958984374,1328.1278236819983,0,1
625000,624,1274.075330490603,1310.2341412251565,0,0
626000,625,1047.74265439373,1281.8447601887326,2,2
627000,626,1366.3818892291088,1318.940342286775,0,1
628000,627,908.1818379067503,1015.0380337542687,1,0
629000,628,1138.6553163939086,1423.9208751292508,1,0
630000,629,1244.7695221039382,1259.9589396725,0,0
631000,630,1355.2317308561985,1372.918311349073,0,0
632000,631,1298.706137471629,1378.9513114534464,0,0
633000,632,1346.1437429326534,1251.243490744854,1,0
634000,633,1274.9396102084115,1364.2962441724694,0,0
635000,634,1372.1267168267764,1376.935963129628,0,0
636000,635,1264.567662519538,1245.7268923591785,1,2
637000,636,1346.7143304985846,1363.5079515124849,0,0
638000,637,1368.6875031048771,1343.8548470129058,0,0
639000,638,1317.8809298498236,1407.3847908954212,0,0
640000,639,1374.0177034741703,1377.9752619338406,0,0
641000,640,1302.0729121368297,1259.7366326619547,0,0
642000,641,1362.7585909399643,1315.1510764829134,0,3
643000,642,1344.0468742949047,1346.8685845884922,0,0
644000,643,1305.0200245118567,1366.7595777387796,0,1
645000,644,1346.4676493331465,1393.0944962502217,0,1
646000,645,1351.0700618080557,1351.0089275962655,0,0
647000,646,1304.9068406449444,1334.3574136879727,2,0
648000,647,1272.7267882908625,1244.6514466738013,0,1
649000,648,1362.1004457339186,1163.6632050576352,0,0
650000,649,1307.8212443019966,1253.0008498339112,0,0
651000,650,1307.7311293089454,1308.8767330817086,0,0
652000,651,999.5643629621767,986.8689663746876,0,2
653000,652,1277.3306042552226,1313.693509582759,0,1
654000,653,1079.4930210840732,1325.4157143308025,2,0
655000,654,1222.0086014204726,1049.2974209868764,0,4
656000,655,1072.3517889271002,-504.31496472757163,1,20
657000,656,1352.5236308348528,682.9890811338412,0,0
658000,657,1246.9365298869816,61.732188339410456,0,2
659000,658,1363.1389555504693,238.63530722654596,0,0
660000,659,1383.0145497029173,608.8264566530731,0,0
661000,660,1400.9498464672738,1428.948439926148,0,0
662000,661,1352.4502892271837,1352.2524399685692,0,1
663000,662,1361.8148124934028,1277.9085054817842,0,0
664000,663,1322.3311008230264,1410.042231212683,0,0
665000,664,1313.4607488839224,1398.8770720543373,0,0
666000,665,1034.2267639792028,1017.0478023855284,1,0
667000,666,1281.7065860651835,1311.380524450654,0,0
668000,667,1367.7057553995053,1322.9371579251804,1,0
669000,668,1312.671112775971,1313.5512443800308,1,0
670000,669,1299.954650662679,1352.1704849136408,0,1
671000,670,1347.5078281283975,1356.0298517880838,0,0
672000,671,1313.7500528001765,1333.5676310675224,0,2
673000,672,1395.5614585793276,1370.5595123516534,0,0
674000,673,1104.6358070823524,1089.6851779570522,1,0
675000,674,1361.59815781428,1369.1316809593277,0,0
676000,675,1303.6328708311344,1343.6767522832984,0,0
677000,676,1396.2002943827965,1364.5977504399805,0,0
678000,677,1350.9373658553375,1000.5172857166853,0,0
679000,678,1285.592205985453,1287.4126355355638,0,0
680000,679,1352.544353126146,1371.3538840897604,0,0
681000,680,1333.015572204952,1363.5250197178398,0,0
682000,681,1376.3895133360606,1316.4776561758997,0,0
683000,682,1361.689874929353,1348.6862384732947,0,0
684000,683,1304.8494606855043,1348.7880620847855,0,0
685000,684,1290.0461303228674,1249.308581360214,1,0
686000,685,1245.2488642452695,1242.54608367118,0,1
687000,686,1385.389537296084,1375.7006504595197,0,0
688000,687,1356.6255369559094,1358.312276076998,0,0
689000,688,1316.2454818435137,1414.4541840699746,0,0
690000,689,1393.484385685827,1397.5658120639753,0,0
691000,690,1385.750640584266,1162.5113993450964,0,2
692000,691,1339.6557595920622,1343.700033179155,0,0
693000,692,1311.7719424457089,1346.714024583042,0,0
694000,693,797.8748260493666,924.0463508191696,3,2
695000,694,1285.757502757827,1305.3203406853022,0,2
696000,695,1318.693178386638,1381.255682252806,0,0
697000,696,1362.8483087982988,1379.6947411047663,0,0
698000,697,1322.8593930389013,1335.50598845717,0,0
699000,698,1330.857846164804,1339.7578518162431,1,0
700000,699,1235.2891216386731,1209.06801605198,0,0
701000,700,1405.161560217476,1299.2999206227005,0,0
702000,701,1360.0730119166833,1313.9958260808694,0,0
703000,702,1064.7731357418534,1396.0492816231945,0,0
704000,703,1196.7292884868114,1281.7590868224331,2,2
705000,704,680.1050283746008,1120.5465201973896,4,1
706000,705,673.61122423024,974.5870689500587,16,2
707000,706,631.7941644874918,1239.7221116774542,2,1
708000,707,893.3939732115253,885.1273171914992,2,1
709000,708,519.4436364774211,1014.7527168397041,0,0
710000,709,653.6389010665335,1388.234020358065,0,0
711000,710,635.2115660298157,1394.317425064457,0,0
712000,711,1020.4246457341623,1380.2829882972344,1,0
713000,712,1252.4698826917163,1367.6455893372074,0,0
714000,713,1305.7668696090855,1025.9049805533448,0,1
715000,714,1117.644015869562,1273.865727841687,2,2
716000,715,1348.2087744958646,1373.5367592754892,0,0
717000,716,1119.4958737512256,1194.5279404070106,1,0
718000,717,1374.0818495362741,1360.0553009797086,0,0
719000,718,1433.9070692441323,1373.794828598655,0,0
720000,719,1383.986717076114,1414.103814496817,0,0
721000,720,1314.168646792133,1309.2094436205598,0,0
722000,721,1304.3812813737052,1417.4279035737186,0,0
723000,722,1384.1738624743707,1365.0404096300065,0,0
724000,723,1205.711017387559,1248.8406085157044,1,0
725000,724,380.1378061673356,1143.9434886183687,1,0
726000,725,328.1431679619531,1323.5168121887596,2,1
727000,726,513.5545619289787,1403.154562591032,2,2
728000,727,1334.9040179710564,1406.7462606276017,0,0
729000,728,1182.2514582616288,1143.8671353343793,1,0
730000,729,1339.5835522281257,1386.8256185375828,0,0
731000,730,1283.054741284593,1348.3370866299188,0,1
732000,731,1292.1605308815429,1403.2509652573733,0,0
733000,732,1254.6887173933376,1396.1333070678331,0,0
734000,733,1325.4325455561286,1066.6812820310581,0,0
735000,734,1348.8104509482012,1409.3663660254044,0,0
736000,735,1238.8770928662068,1369.688884233993,0,0
737000,736,1301.7936599242457,1298.106082463339,1,0
738000,737,1393.567490106455,1374.1168367975908,0,0
739000,738,1218.810937466517,1291.1857854178909,0,0
740000,739,1394.2784911773747,1340.1116550556821,0,0
741000,740,1334.496641938418,1349.7078187372736,0,0
742000,741,1302.1876125936444,1270.2639338821496,0,0
743000,742,1331.7821276808304,1351.9255801293582,0,0
744000,743,1400.9132724785925,1386.8030647293501,0,0
745000,744,1314.856801808265,1199.781021063531,0,0
746000,745,1355.026594577142,1303.1529551840479,0,1
747000,746,1260.2004067970197,1355.4184430485004,0,0
748000,747,1249.0992743336863,1154.212783162636,0,0
749000,748,1321.3163659935963,1351.3326992779423,0,0
750000,749,1253.4550590237766,1355.4210280284399,0,0
751000,750,1307.5612278060587,1372.5274935745929,0,1
752000,751,1347.3731607723807,1390.2842503051852,0,0
753000,752,1378.8659547341774,1393.9570415025764,0,0
754000,753,1329.0131190238342,1253.587974241356,0,0
755000,754,1396.9631199463106,1351.7338621340223,0,0
756000,755,1371.4293066700932,1303.5372375691059,0,0
757000,756,1420.7464727145932,1247.2991259943794,0,0
758000,757,1376.2396950048244,1383.2364042234167,0,0
759000,758,1160.4906911384965,1109.2117058801812,2,2
760000,759,900.2855070435168,1336.6677507535867,1,0
761000,760,1337.5781988688525,1232.581403073944,0,1
762000,761,1328.578590927914,1301.306999106412,0,1
763000,762,1294.240770964666,1177.7777374140835,1,1
764000,763,1206.2831050353482,1353.852407198995,0,0
765000,764,1333.6995001274734,1343.831549242346,0,0
766000,765,1334.1577464413435,1251.8034921690178,1,0
767000,766,1366.9843211751593,1242.0307984183119,0,0
768000,767,1324.016207166406,1303.117622308372,0,1
769000,768,1308.7811534369637,1311.2339164815805,0,0
770000,769,1361.2535582477672,1388.641913413461,0,0
771000,770,1302.0652421548016,1305.7324769424558,0,0
772000,771,1163.5720972731333,1205.8260486421086,1,1
773000,772,1220.8767046461849,1239.109361291664,0,0
774000,773,1245.375355762269,1284.7789329472857,0,0
775000,774,1231.123582680557,1292.2936420145913,0,0
776000,775,1407.2781339696844,1342.9563054711382,0,0
777000,776,1383.625833349847,1325.595927532232,0,0
778000,777,1376.941175145498,1389.4757418981785,0,0
779000,778,1227.637848483163,1249.2265526088413,0,1
780000,779,1314.8177798421345,1276.1117875983616,0,0
781000,780,1368.9344670630426,1350.4272851096723,0,0
782000,781,1383.9573583204276,1363.4290544770743,0,0
783000,782,1197.0330146295273,1356.6558464016616,0,0
784000,783,1365.5270989182402,1389.597991595974,0,0
785000,784,1211.5482104578148,1421.4127085208233,0,0
786000,785,1357.7375084934256,1385.3102236824543,0,0
787000,786,1340.0052133604756,1381.137838680589,0,0
788000,787,1351.6658939027377,1438.9290006128354,0,0
789000,788,1379.089659010024,1319.6848922895244,0,0
790000,789,841.3653054725573,1396.1860156902967,0,0
791000,790,1293.0669202816787,1377.3622830081688,0,0
792000,791,1193.5408170949856,1191.9937099988447,0,0
793000,792,1356.4564736426917,1369.295463406084,0,0
794000,793,1358.0377559799356,1336.035571479819,0,0
795000,794,1402.0974905010835,1440.8009554374964,0,0
796000,795,1340.340100926727,1067.9426851624082,0,1
797000,796,1395.1979730779847,1372.7313653506242,0,0
798000,797,1347.9623092529946,1318.6525956805017,0,0
799000,798,1396.617528130911,1294.3543006608768,0,1
800000,799,1338.2597273953345,1270.8415138189603,2,1
801000,800,1349.4634985299003,1380.467778081335,0,1
802000,801,1395.462565616089,1368.745329601155,0,1
803000,802,1353.831984520766,1359.5719795561463,0,0
804000,803,1390.060664104514,1375.0745742207152,0,0
805000,804,1331.109307362916,1191.5502500118089,0,1
806000,805,1359.1885323708045,1321.358569192357,0,0
807000,806,1384.2487445659158,1343.4844369436894,0,1
808000,807,1398.8041716716243,1265.1491693956862,0,1
809000,808,1382.7908487615223,1280.6709031466485,0,0
810000,809,1377.5295845885898,1329.0967762434084,0,0
811000,810,1320.381774820265,1381.1243979860324,1,0
812000,811,1296.2883641359806,1176.5833957262032,0,1
813000,812,1346.6582373153904,1338.6854838170009,0,1
814000,813,1179.6347112875578,1422.8283300523974,1,2
815000,814,1347.61734873211,1368.5926278789048,1,0
816000,815,1181.4573860045805,1247.8013276670167,1,0
817000,816,1343.657613857785,1368.7034264026236,0,1
818000,817,1356.7518408296164,1349.613799831938,0,0
819000,818,1310.9623538138358,1371.2704164588833,0,1
820000,819,1373.6147464483379,1409.5560411154413,0,0
821000,820,1217.3433215107675,1287.8599749709285,0,1
822000,821,1335.731046777109,1367.9238879878728,0,0
823000,822,1200.1736560856136,1259.9626910519025,0,2
824000,823,1386.1578790612205,1415.6494544328498,1,0
825000,824,1376.6521038136177,1389.1202123333499,1,0
826000,825,1359.3477225164227,1359.3917821667326,1,0
827000,826,1296.1170084199796,1345.7688282444126,1,2
828000,827,1055.5309732507997,1026.4103465030867,1,2
829000,828,1354.2584853746023,1220.9349075353716,0,0
830000,829,1377.333322129584,1300.0787203528052,0,0
831000,830,1341.9838156602127,1439.085069413089,0,0
832000,831,1408.375494670685,1402.5382319440196,1,1
833000,832,1374.4018213358806,1364.5046899966596,0,0
834000,833,1345.367110411066,1364.0565704606233,0,0
835000,834,1378.7791977143213,1187.5624307332241,0,0
836000,835,1312.4886469081891,1420.0639267185481,0,0
837000,836,1414.1189234154815,1399.0705332962134,0,0
838000,837,1392.2952951137013,1330.0809922445337,0,0
839000,838,1394.269627828312,1400.3540989385986,1,1
840000,839,1362.4446166048197,1155.5297552352579,0,0
841000,840,1345.7719577293972,1386.2621135480763,0,1
842000,841,1298.8184562637584,1170.0012325945684,0,0
843000,842,1354.7723862063217,1164.5729367733747,0,1
844000,843,1384.9038693668756,1314.6309481433464,0,1
845000,844,1289.8329601186447,1388.469028680335,0,0
846000,845,1246.2303142343103,1327.0996596020998,2,0
847000,846,1355.8255540744701,1192.326973517315,0,0
848000,847,1428.1245343620428,1407.731384783593,0,0
849000,848,1425.7009429122245,1275.5686781246666,0,0
850000,849,1413.7632406809103,1386.4883441708846,0,0
851000,850,1313.1483373951216,1389.2052154068087,0,0
852000,851,1360.9380551682962,1411.173224391925,0,0
853000,852,1283.1122262017404,1276.9867557770872,1,2
854000,853,1423.197374155164,1387.8537327791216,0,1
855000,854,1372.4884494974517,1163.0154157880165,1,1
856000,855,1198.3369861689478,1287.9336794891103,5,1
857000,856,1255.4305203852496,1193.1844274786156,2,2
858000,857,1324.6474358815867,1394.0131998214806,0,0
859000,858,1309.1920996483914,1238.9006865265346,1,1
860000,859,1072.074056213671,1354.0755053612156,2,0
861000,860,737.1814778890785,1257.6819308546803,5,3
862000,861,1253.6092046706055,1415.399259393546,0,0
863000,862,1362.9552655549867,1434.0811999263278,0,0
864000,863,1323.240448986269,1428.0255456760992,0,0
865000,864,1034.487706527004,1175.0528290540271,3,0
866000,865,1344.4640502672883,1440.2793037901993,0,0
867000,866,1050.3074058978186,1346.7016196547934,0,1
868000,867,1246.4299661616205,1197.8226849990572,0,0
869000,868,1009.9069102432425,1375.4172838242405,0,0
870000,869,1370.365703834154,1384.3597349425959,0,0
871000,870,1325.0049083654828,1420.8092067387772,0,0
872000,871,1339.030710103911,1355.990160483507,0,0
873000,872,1410.615035539651,1407.4433194938442,0,1
874000,873,1397.527975490964,1423.437055925432,1,0
875000,874,1363.7612257502697,991.2390566517931,0,1
876000,875,1311.285064640245,1000.4735619140549,0,0
877000,876,1309.1207013743322,1435.116495554428,1,0
878000,877,1366.219717852176,851.9519259483627,0,0
879000,878,1423.7703013040498,1413.5984788124263,0,0
880000,879,1396.7159530260071,1427.163439459234,0,1
881000,880,1187.7642938517754,1203.767348175433,1,2
882000,881,1391.2949035786316,1372.4709150612157,1,1
883000,882,1382.19119888541,1323.3481563373396,0,1
884000,883,1198.784576524262,1161.0389777360642,0,0
885000,884,1397.4908388075387,1157.4755887177373,1,0
886000,885,1384.7678079542557,1406.6211096028135,0,0
887000,886,1023.7644853417962,1104.5536367716936,1,2
888000,887,1194.8154983383292,1128.2420586638243,0,1
889000,888,1353.4087987140508,1365.5976922797756,0,1
890000,889,1348.7758339914583,1270.3345861418618,1,0
891000,890,1333.7577225756124,1354.00761274453,0,1
892000,891,1370.4394175854445,1391.6632088582087,0,0
893000,892,1372.3379876649242,1369.9512456758064,0,0
894000,893,1382.4963938411586,1433.8473408079558,0,0
895000,894,1391.2303465063806,1380.9729794111531,0,0
896000,895,1344.5125982219083,1368.2185784323328,0,0
897000,896,1265.0844404994364,1423.1906835111242,0,0
898000,897,1399.3772832306543,1403.000104230585,0,0
899000,898,1292.0939535687107,1389.3410499090871,0,0
900000,899,1396.2054669991335,1386.4696208126863,0,0
901000,900,1377.0379818002284,1417.4860408430686,1,0
902000,901,1381.4685452011379,1431.9500638461423,0,0
903000,902,1412.5030472170893,1418.8687856014947,0,0
904000,903,1295.106449458241,1296.0274014137183,0,0
905000,904,1380.930795186006,1388.7057655499764,0,0
906000,905,1401.4856568343776,1429.0610550671922,0,0
907000,906,1220.834118181678,1407.185296001128,1,0
908000,907,1312.8235247566895,1402.3522821754532,0,0
